Workbook

Sheet Overview
A1: NJ Youth Football Master Inventory
A3: Purpose
A4: Working statewide inventory for NJYASA/GIS research. It separates league governance from local organizations, tracks season-specific affiliations, and preserves uncertainty instead of treating all affiliations as permanent.
A7: Inventory Snapshot
A8: Current/recent league systems in working inventory | B8: 18
A9: Historical/status-to-verify systems retained | B9: 1
A10: New Jersey counties in proposed model | B10: 21
A11: NJYASA regions | B11: 3
A12: Organization records entered in v1 | B12: 213
A15: Important methodology note
A16: This is a versioned research inventory, not a claim that every row is permanent or exhaustive. Youth programs change leagues, merge, split, and use different age-level affiliations. Use Season, Evidence Status, and Source fields before drawing conclusions.
A20: Color key
A21: Imported / linked source data
A22: Static/reference values
A23: Review / incomplete / caution
A24: Potential error / unresolved
A25: Logic / classification
A27: Phase 1 update - 2026 affiliation cleanup started
A28: • Added Program Master and Affiliation History so one program can change leagues without being duplicated as a new identity.
A29: • Initial Phase 1 audit corrected Franklin Lakes (current NBJFL; prior TCYFL), separated Vineland Youth Football/TCUFL from Vineland Blitz/CAJFL, and added current TCUFL/CAJFL programs found in official directories.
A30: • Conflicting 2026 sources for Burlington City and Rancocas Valley are preserved and flagged rather than silently choosing one directory over another; current SJIYFA schedules provide direct current-season evidence.
... A34: Municipality Cleanup sheet was added as a county-by-county review layer. Original Municipality_or_Area fields remain unchanged until normalization is complete.

Sheet Phase 1 Control
A1: Phase 1 - Organization Inventory
A2: Goal: identify each program once, verify its current league affiliation, preserve affiliation history, and flag conflicts before adding geographic service-area data.
A4: Phase 1 snapshot
A5: Provisional unique program identities | B5: =COUNTA('Program Master'!$A:$A)-3 | C5: Exact-name + county identity rule; still subject to manual merge/split review.
A6: Programs with current supported affiliation | B6: =COUNTIF('Program Master'!$F:$F,"Current") | C6: At least one current affiliation is supported.
A7: Programs requiring current-status verification | B7: =COUNTIF('Program Master'!$F:$F,"Current status to verify") | C7: Conflicting or partial current evidence.
A8: Historical-only program identities | B8: =COUNTIF('Program Master'!$F:$F,"Historical / no current affiliation verified") | C8: Retained for history but not counted as current.
A9: Multiple-current-affiliation flags | B9: =COUNTIF('Program Master'!$J:$J,"MULTIPLE CURRENT AFFILIATIONS*") | C9: Could be split teams/levels, a real dual affiliation, or stale source data.
A11: Evidence order used in Phase 1
A12: 1 | B12: Current-season league schedule / standings / roster | C12: Strongest for actual current competitive affiliation.
A13: 2 | B13: Current official program site explicitly naming league | C13: Strong corroboration for current affiliation.
A14: 3 | B14: Current league team/member directory | C14: Useful, but can lag realignment or transfers.
A15: 4 | B15: Older bylaws, archived schedules, historical pages | C15: Keep for affiliation history, not current status without corroboration.
A16: 5 | B16: Direct user knowledge | C16: Useful lead; where possible corroborate with a public current-season source for research use.
A19: League_ID | B19: League_Name | C19: Membership_List_Status | D19: Exact_Current_Status | E19: Current_Program_Records | F19: Verify_Program_Records | G19: Phase1_Priority | H19: Phase1_State | I19: Next_Action | J19: Notes | K19: Source_Focus | L19: Batch
A20: L001 | B20: South Jersey Independent Youth Football Association | C20: Partial | D20: Yes | E20: =COUNTIFS('Affiliation History'!$D:$D,A20,'Affiliation History'!$K:$K,"Yes") | F20: =COUNTIFS('Affiliation History'!$D:$D,A20,'Affiliation History'!$K:$K,"Verify") | G20: High | H20: Membership/current-season verification incomplete | I20: Complete organization membership and player-count fields. | K20: Prefer current schedule/roster over static directory when sources conflict. | L20: South - initial audit
A21: L002 | B21: Tri-County United Football League | C21: Yes | D21: Yes | E21: =COUNTIFS('Affiliation History'!$D:$D,A21,'Affiliation History'!$K:$K,"Yes") | F21: =COUNTIFS('Affiliation History'!$D:$D,A21,'Affiliation History'!$K:$K,"Verify") | G21: Medium | H21: Current list located | I21: Complete organization membership and player-count fields. | J21: 2026 TCUFL directory conflicts with current SJIYFA schedule for Burlington City and Rancocas Valley. | K21: Prefer current schedule/roster over static directory when sources conflict. | L21: South - initial audit
A22: L003 | B22: West Jersey Youth Football League | C22: Partial | D22: Yes | E22: =COUNTIFS('Affiliation History'!$D:$D,A22,'Affiliation History'!$K:$K,"Yes") | F22: =COUNTIFS('Affiliation History'!$D:$D,A22,'Affiliation History'!$K:$K,"Verify") | G22: High | H22: Membership/current-season verification incomplete | I22: Locate current membership, territory, and field documentation. | K22: Prefer current schedule/roster over static directory when sources conflict. | L22: South - initial audit
A23: L004 | B23: Cape Atlantic Junior Football League | C23: Partial | D23: Yes | E23: =COUNTIFS('Affiliation History'!$D:$D,A23,'Affiliation History'!$K:$K,"Yes") | F23: =COUNTIFS('Affiliation History'!$D:$D,A23,'Affiliation History'!$K:$K,"Verify") | G23: High | H23: Membership/current-season verification incomplete | I23: Collect/standardize organization-level roster counts and field coordinates. | J23: Hamilton Knights added; Wildwood is field-listed but exact 2026 competitive membership still needs confirmation. | K23: Prefer current schedule/roster over static directory when sources conflict. | L23: South - initial audit
A24: L005 | B24: Jersey Shore Youth Football League | C24: Yes | D24: Partial | E24: =COUNTIFS('Affiliation History'!$D:$D,A24,'Affiliation History'!$K:$K,"Yes") | F24: =COUNTIFS('Affiliation History'!$D:$D,A24,'Affiliation History'!$K:$K,"Verify") | G24: High | H24: Membership/current-season verification incomplete | I24: Collect/standardize organization-level roster counts and field coordinates. | K24: Prefer current schedule/roster over static directory when sources conflict. | L24: South - initial audit
A25: L006 | B25: New Jersey American Youth Football - Jersey Shore Conference | C25: Partial | D25: Yes | E25: =COUNTIFS('Affiliation History'!$D:$D,A25,'Affiliation History'!$K:$K,"Yes") | F25: =COUNTIFS('Affiliation History'!$D:$D,A25,'Affiliation History'!$K:$K,"Verify") | G25: High | H25: Membership/current-season verification incomplete | I25: Collect/standardize organization-level roster counts and field coordinates. | K25: Prefer current schedule/roster over static directory when sources conflict. | L25: Pending
A26: L007 | B26: New Jersey Suburban Youth Football League | C26: Yes | D26: Yes | E26: =COUNTIFS('Affiliation History'!$D:$D,A26,'Affiliation History'!$K:$K,"Yes") | F26: =COUNTIFS('Affiliation History'!$D:$D,A26,'Affiliation History'!$K:$K,"Verify") | G26: Medium | H26: Current list located | I26: Complete organization membership and player-count fields. | K26: Prefer current schedule/roster over static directory when sources conflict. | L26: Pending
A27: L008 | B27: Morris County Youth Football League | C27: Partial | D27: Yes | E27: =COUNTIFS('Affiliation History'!$D:$D,A27,'Affiliation History'!$K:$K,"Yes") | F27: =COUNTIFS('Affiliation History'!$D:$D,A27,'Affiliation History'!$K:$K,"Verify") | G27: High | H27: Membership/current-season verification incomplete | I27: Collect/standardize organization-level roster counts and field coordinates. | K27: Prefer current schedule/roster over static directory when sources conflict. | L27: Pending
A28: L009 | B28: Meadowlands Football League | C28: Partial | D28: Yes | E28: =COUNTIFS('Affiliation History'!$D:$D,A28,'Affiliation History'!$K:$K,"Yes") | F28: =COUNTIFS('Affiliation History'!$D:$D,A28,'Affiliation History'!$K:$K,"Verify") | G28: High | H28: Membership/current-season verification incomplete | I28: Complete organization membership and player-count fields. | K28: Prefer current schedule/roster over static directory when sources conflict. | L28: Pending
A29: L010 | B29: Northern Bergen Junior Football League | C29: Partial | D29: Yes | E29: =COUNTIFS('Affiliation History'!$D:$D,A29,'Affiliation History'!$K:$K,"Yes") | F29: =COUNTIFS('Affiliation History'!$D:$D,A29,'Affiliation History'!$K:$K,"Verify") | G29: High | H29: Membership/current-season verification incomplete | I29: Collect/standardize organization-level roster counts and field coordinates. | K29: Prefer current schedule/roster over static directory when sources conflict. | L29: North/Central follow-up
A30: L011 | B30: Bergen County Junior Football League | C30: Yes | D30: Yes | E30: =COUNTIFS('Affiliation History'!$D:$D,A30,'Affiliation History'!$K:$K,"Yes") | F30: =COUNTIFS('Affiliation History'!$D:$D,A30,'Affiliation History'!$K:$K,"Verify") | G30: Medium | H30: Current list located | I30: Locate current membership, territory, and field documentation. | K30: Prefer current schedule/roster over static directory when sources conflict. | L30: Pending
A31: L012 | B31: Tri-County Youth Football League - Northern NJ | C31: Yes | D31: Yes | E31: =COUNTIFS('Affiliation History'!$D:$D,A31,'Affiliation History'!$K:$K,"Yes") | F31: =COUNTIFS('Affiliation History'!$D:$D,A31,'Affiliation History'!$K:$K,"Verify") | G31: Medium | H31: Current list located | I31: Complete organization membership and player-count fields. | J31: Franklin Lakes corrected to historical TCYFL affiliation; 2026 NBJFL roster confirms current NBJFL affiliation. | K31: Prefer current schedule/roster over static directory when sources conflict. | L31: North/Central follow-up
A32: L013 | B32: North Jersey Pop Warner | C32: Partial | D32: Yes | E32: =COUNTIFS('Affiliation History'!$D:$D,A32,'Affiliation History'!$K:$K,"Yes") | F32: =COUNTIFS('Affiliation History'!$D:$D,A32,'Affiliation History'!$K:$K,"Verify") | G32: High | H32: Membership/current-season verification incomplete | I32: Complete organization membership and player-count fields. | K32: Prefer current schedule/roster over static directory when sources conflict. | L32: Pending
A33: L014 | B33: Central Jersey Pop Warner | C33: Yes | D33: Yes | E33: =COUNTIFS('Affiliation History'!$D:$D,A33,'Affiliation History'!$K:$K,"Yes") | F33: =COUNTIFS('Affiliation History'!$D:$D,A33,'Affiliation History'!$K:$K,"Verify") | G33: Medium | H33: Current list located | I33: Complete organization membership and player-count fields. | K33: Prefer current schedule/roster over static directory when sources conflict. | L33: Pending
A34: L015 | B34: New Jersey Shore Pop Warner | C34: Yes | D34: Yes | E34: =COUNTIFS('Affiliation History'!$D:$D,A34,'Affiliation History'!$K:$K,"Yes") | F34: =COUNTIFS('Affiliation History'!$D:$D,A34,'Affiliation History'!$K:$K,"Verify") | G34: Medium | H34: Current list located | I34: Complete organization membership and player-count fields. | K34: Prefer current schedule/roster over static directory when sources conflict. | L34: Pending
A35: L016 | B35: Newark Pop Warner | C35: Partial | D35: Yes | E35: =COUNTIFS('Affiliation History'!$D:$D,A35,'Affiliation History'!$K:$K,"Yes") | F35: =COUNTIFS('Affiliation History'!$D:$D,A35,'Affiliation History'!$K:$K,"Verify") | G35: High | H35: Membership/current-season verification incomplete | I35: Locate current membership, territory, and field documentation. | K35: Prefer current schedule/roster over static directory when sources conflict. | L35: Pending
A36: L017 | B36: Bi-County Junior Scholastic Football League | C36: Older/uncertain | D36: No/older | E36: =COUNTIFS('Affiliation History'!$D:$D,A36,'Affiliation History'!$K:$K,"Yes") | F36: =COUNTIFS('Affiliation History'!$D:$D,A36,'Affiliation History'!$K:$K,"Verify") | G36: High | H36: Historical/current status unresolved | I36: Complete organization membership and player-count fields. | K36: Prefer current schedule/roster over static directory when sources conflict. | L36: Pending
A37: L018 | B37: West Essex Junior Football League | C37: Partial | D37: Yes | E37: =COUNTIFS('Affiliation History'!$D:$D,A37,'Affiliation History'!$K:$K,"Yes") | F37: =COUNTIFS('Affiliation History'!$D:$D,A37,'Affiliation History'!$K:$K,"Verify") | G37: High | H37: Membership/current-season verification incomplete | I37: Locate current membership, territory, and field documentation. | K37: Prefer current schedule/roster over static directory when sources conflict. | L37: Pending
A38: L019 | B38: Atlantic County Junior Football League | C38: Older/uncertain | D38: No/older | E38: =COUNTIFS('Affiliation History'!$D:$D,A38,'Affiliation History'!$K:$K,"Yes") | F38: =COUNTIFS('Affiliation History'!$D:$D,A38,'Affiliation History'!$K:$K,"Verify") | G38: High | H38: Historical/current status unresolved | I38: Locate current membership, territory, and field documentation. | K38: Prefer current schedule/roster over static directory when sources conflict. | L38: Pending

Sheet Program Master
A1: Program Master
A2: Phase 1: one provisional identity per youth football program. Affiliations are separated from program identity so league changes can be tracked over time.
A3: Program_ID | B3: Canonical_Program_Name | C3: Primary_County | D3: Municipality_or_Area | E3: NJYASA_Region | F3: Current_Status | G3: Current_League_IDs | H3: Current_League_Names | I3: Current_Affiliation_Count | J3: Current_Affiliation_Review | K3: Historical_or_Prior_Leagues | L3: Football_Format | M3: Age_or_Grade_Levels | N3: Program_Scope | O3: Phase1_Verification | P3: Notes
A4: P001 | B4: Mo Better Jaguars | D4: Mo Better Jaguars | F4: Current status to verify | I4: 0 | J4: Current source conflict / partial evidence | N4: To classify | O4: Current source conflict / partial evidence | P4: Verify-listed league(s): L013
A5: P002 | B5: Absecon Blue Devils | C5: Atlantic | D5: Absecon Blue Devils | E5: South | F5: Current | G5: L005 | H5: Jersey Shore Youth Football League | I5: 1 | J5: Current affiliation supported | N5: To classify | O5: Current affiliation supported
A6: P003 | B6: Atlantic City | C6: Atlantic | D6: Atlantic City | E6: South | F6: Current | G6: L002 | H6: Tri-County United Football League | I6: 1 | J6: Current affiliation supported | N6: To classify | O6: Current affiliation supported
A7: P004 | B7: Brigantine Rams | C7: Atlantic | D7: Brigantine Rams | E7: South | F7: Current | G7: L005 | H7: Jersey Shore Youth Football League | I7: 1 | J7: Current affiliation supported | N7: To classify | O7: Current affiliation supported
A8: P005 | B8: Buena | C8: Atlantic | D8: Buena | E8: South | F8: Current | G8: L005 | H8: Jersey Shore Youth Football League | I8: 1 | J8: Current affiliation supported | N8: To classify | O8: Current affiliation supported
A9: P006 | B9: Egg Harbor City | C9: Atlantic | D9: Egg Harbor City | E9: South | F9: Current | G9: L005 | H9: Jersey Shore Youth Football League | I9: 1 | J9: Current affiliation supported | N9: To classify | O9: Current affiliation supported
A10: P007 | B10: Egg Harbor Township | C10: Atlantic | D10: Egg Harbor Township | E10: South | F10: Current | G10: L004 | H10: Cape Atlantic Junior Football League | I10: 1 | J10: Current affiliation supported | N10: To classify | O10: Current affiliation supported
A11: P008 | B11: Egg Harbor Township / EHTYO | C11: Atlantic | D11: Egg Harbor Township / EHTYO | E11: South | F11: Current | G11: L005 | H11: Jersey Shore Youth Football League | I11: 1 | J11: Current affiliation supported | N11: To classify | O11: Current affiliation supported
A12: P009 | B12: Galloway | C12: Atlantic | D12: Galloway | E12: South | F12: Current | G12: L004 | H12: Cape Atlantic Junior Football League | I12: 1 | J12: Current affiliation supported | N12: To classify | O12: Current affiliation supported
A13: P010 | B13: Hamilton Knights | C13: Atlantic | D13: Hamilton Township / Mays Landing area | E13: South | F13: Current | G13: L004 | H13: Cape Atlantic Junior Football League | I13: 1 | J13: Current affiliation supported | N13: To classify | O13: Current affiliation supported
A14: P011 | B14: Hammonton Hawks | C14: Atlantic | D14: Hammonton Hawks | E14: South | F14: Current | G14: L005 | H14: Jersey Shore Youth Football League | I14: 1 | J14: Current affiliation supported | N14: To classify | O14: Current affiliation supported
A15: P012 | B15: Linwood Panthers | C15: Atlantic | D15: Linwood Panthers | E15: South | F15: Current | G15: L005 | H15: Jersey Shore Youth Football League | I15: 1 | J15: Current affiliation supported | N15: To classify | O15: Current affiliation supported
A16: P013 | B16: Mays Landing | C16: Atlantic | D16: Mays Landing | E16: South | F16: Current | G16: L002 | H16: Tri-County United Football League | I16: 1 | J16: Current affiliation supported | N16: To classify | O16: Current affiliation supported
... A20: P017 | B20: Ventnor Pirates | C20: Atlantic | D20: Ventnor Pirates | E20: South | F20: Current | G20: L005 | H20: Jersey Shore Youth Football League | I20: 1 | J20: Current affiliation supported | N20: To classify | O20: Current affiliation supported
A21: P018 | B21: Bergenfield | C21: Bergen | D21: Bergenfield | E21: North | F21: Current | G21: L011 | H21: Bergen County Junior Football League | I21: 1 | J21: Current affiliation supported | K21: L017 | N21: To classify | O21: Current affiliation supported
A22: P019 | B22: Bogota | C22: Bergen | D22: Bogota | E22: North | F22: Historical / no current affiliation verified | I22: 0 | J22: Needs 2026 current-status verification | K22: L017 | N22: To classify | O22: Needs 2026 current-status verification
A23: P020 | B23: Carlstadt / East Rutherford | C23: Bergen | D23: Carlstadt / East Rutherford | E23: North | F23: Current | G23: L011 | H23: Bergen County Junior Football League | I23: 1 | J23: Current affiliation supported | N23: To classify | O23: Current affiliation supported
A24: P021 | B24: Cliffside Park / Ridgefield | C24: Bergen | D24: Cliffside Park / Ridgefield | E24: North | F24: Historical / no current affiliation verified | I24: 0 | J24: Needs 2026 current-status verification | K24: L017 | N24: To classify | O24: Needs 2026 current-status verification
A25: P022 | B25: Cresskill | C25: Bergen | D25: Cresskill | E25: North | F25: Current | G25: L011 | H25: Bergen County Junior Football League | I25: 1 | J25: Current affiliation supported | N25: To classify | O25: Current affiliation supported
A26: P023 | B26: Dumont | C26: Bergen | D26: Dumont | E26: North | F26: Current | G26: L011 | H26: Bergen County Junior Football League | I26: 1 | J26: Current affiliation supported | N26: To classify | O26: Current affiliation supported
A27: P024 | B27: Elmwood Park | C27: Bergen | D27: Elmwood Park | E27: North | F27: Current | G27: L009 | H27: Meadowlands Football League | I27: 1 | J27: Current affiliation supported | N27: To classify | O27: Current affiliation supported
A28: P025 | B28: Englewood / Englewood Cliffs | C28: Bergen | D28: Englewood / Englewood Cliffs | E28: North | F28: Historical / no current affiliation verified | I28: 0 | J28: Needs 2026 current-status verification | K28: L017 | N28: To classify | O28: Needs 2026 current-status verification
A29: P026 | B29: Fair Lawn | C29: Bergen | D29: Fair Lawn | E29: North | F29: Current | G29: L010 | H29: Northern Bergen Junior Football League | I29: 1 | J29: Current affiliation supported | N29: To classify | O29: Current affiliation supported
A30: P027 | B30: Fort Lee / Edgewater | C30: Bergen | D30: Fort Lee / Edgewater | E30: North | F30: Historical / no current affiliation verified | I30: 0 | J30: Needs 2026 current-status verification | K30: L017 | N30: To classify | O30: Needs 2026 current-status verification
A31: P028 | B31: Franklin Lakes | C31: Bergen | D31: Franklin Lakes | E31: North | F31: Current | G31: L010 | H31: Northern Bergen Junior Football League | I31: 1 | J31: Current affiliation supported | K31: L012 | N31: To classify | O31: Current affiliation supported
A32: P029 | B32: Garfield | C32: Bergen | D32: Garfield | E32: North | F32: Current | G32: L011 | H32: Bergen County Junior Football League | I32: 1 | J32: Current affiliation supported | N32: To classify | O32: Current affiliation supported
A33: P030 | B33: Glen Rock | C33: Bergen | D33: Glen Rock | E33: North | F33: Current | G33: L012 | H33: Tri-County Youth Football League - Northern NJ | I33: 1 | J33: Current affiliation supported | N33: To classify | O33: Current affiliation supported
A34: P031 | B34: Hasbrouck Heights | C34: Bergen | D34: Hasbrouck Heights | E34: North | F34: Current | G34: L009 | H34: Meadowlands Football League | I34: 1 | J34: Current affiliation supported | N34: To classify | O34: Current affiliation supported
A35: P032 | B35: Hillsdale | C35: Bergen | D35: Hillsdale | E35: North | F35: Current | G35: L011 | H35: Bergen County Junior Football League | I35: 1 | J35: Current affiliation supported | N35: To classify | O35: Current affiliation supported
A36: P033 | B36: Little Ferry / Ridgefield Park | C36: Bergen | D36: Little Ferry / Ridgefield Park | E36: North | F36: Historical / no current affiliation verified | I36: 0 | J36: Needs 2026 current-status verification | K36: L017 | N36: To classify | O36: Needs 2026 current-status verification
A37: P034 | B37: Lodi | C37: Bergen | D37: Lodi | E37: North | F37: Historical / no current affiliation verified | I37: 0 | J37: Needs 2026 current-status verification | K37: L017 | N37: To classify | O37: Needs 2026 current-status verification
A38: P035 | B38: Lyndhurst | C38: Bergen | D38: Lyndhurst | E38: North | F38: Current | G38: L009 | H38: Meadowlands Football League | I38: 1 | J38: Current affiliation supported | N38: To classify | O38: Current affiliation supported
A39: P036 | B39: Mahwah | C39: Bergen | D39: Mahwah | E39: North | F39: Current | G39: L010 | H39: Northern Bergen Junior Football League | I39: 1 | J39: Current affiliation supported | N39: To classify | O39: Current affiliation supported
A40: P037 | B40: New Milford | C40: Bergen | D40: New Milford | E40: North | F40: Current | G40: L009 | H40: Meadowlands Football League | I40: 1 | J40: Current affiliation supported | N40: To classify | O40: Current affiliation supported
A41: P038 | B41: North Arlington | C41: Bergen | D41: North Arlington | E41: North | F41: Current | G41: L009 | H41: Meadowlands Football League | I41: 1 | J41: Current affiliation supported | N41: To classify | O41: Current affiliation supported
A42: P039 | B42: Northern Highlands | C42: Bergen | D42: Northern Highlands | E42: North | F42: Current | G42: L010 | H42: Northern Bergen Junior Football League | I42: 1 | J42: Current affiliation supported | N42: To classify | O42: Current affiliation supported
A43: P040 | B43: Northern Valley | C43: Bergen | D43: Northern Valley | E43: North | F43: Current | G43: L011 | H43: Bergen County Junior Football League | I43: 1 | J43: Current affiliation supported | N43: To classify | O43: Current affiliation supported
A44: P041 | B44: Oakland | C44: Bergen | D44: Oakland | E44: North | F44: Current | G44: L010 | H44: Northern Bergen Junior Football League | I44: 1 | J44: Current affiliation supported | N44: To classify | O44: Current affiliation supported
A45: P042 | B45: Paramus | C45: Bergen | D45: Paramus | E45: North | F45: Current | G45: L010 | H45: Northern Bergen Junior Football League | I45: 1 | J45: Current affiliation supported | N45: To classify | O45: Current affiliation supported
A46: P043 | B46: Park Ridge | C46: Bergen | D46: Park Ridge | E46: North | F46: Current | G46: L011 | H46: Bergen County Junior Football League | I46: 1 | J46: Current affiliation supported | N46: To classify | O46: Current affiliation supported
A47: P044 | B47: Ramsey | C47: Bergen | D47: Ramsey | E47: North | F47: Current | G47: L010 | H47: Northern Bergen Junior Football League | I47: 1 | J47: Current affiliation supported | N47: To classify | O47: Current affiliation supported
A48: P045 | B48: Ridgewood | C48: Bergen | D48: Ridgewood | E48: North | F48: Current | G48: L010 | H48: Northern Bergen Junior Football League | I48: 1 | J48: Current affiliation supported | N48: To classify | O48: Current affiliation supported
A49: P046 | B49: River Dell | C49: Bergen | D49: River Dell | E49: North | F49: Current | G49: L010 | H49: Northern Bergen Junior Football League | I49: 1 | J49: Current affiliation supported | N49: To classify | O49: Current affiliation supported
... A52: P049 | B52: Saddle Brook | C52: Bergen | D52: Saddle Brook | E52: North | F52: Current | G52: L009 | H52: Meadowlands Football League | I52: 1 | J52: Current affiliation supported | N52: To classify | O52: Current affiliation supported
A53: P050 | B53: Tenafly | C53: Bergen | D53: Tenafly | E53: North | F53: Historical / no current affiliation verified | I53: 0 | J53: Needs 2026 current-status verification | K53: L017 | N53: To classify | O53: Needs 2026 current-status verification
A54: P051 | B54: Waldwick | C54: Bergen | D54: Waldwick | E54: North | F54: Current | G54: L011 | H54: Bergen County Junior Football League | I54: 1 | J54: Current affiliation supported | N54: To classify | O54: Current affiliation supported
A55: P052 | B55: Westwood | C55: Bergen | D55: Westwood | E55: North | F55: Current | G55: L011 | H55: Bergen County Junior Football League | I55: 1 | J55: Current affiliation supported | N55: To classify | O55: Current affiliation supported
A56: P053 | B56: Wood-Ridge | C56: Bergen | D56: Wood-Ridge | E56: North | F56: Current | G56: L009 | H56: Meadowlands Football League | I56: 1 | J56: Current affiliation supported | N56: To classify | O56: Current affiliation supported
A57: P054 | B57: Wyckoff | C57: Bergen | D57: Wyckoff | E57: North | F57: Current | G57: L010 | H57: Northern Bergen Junior Football League | I57: 1 | J57: Current affiliation supported | N57: To classify | O57: Current affiliation supported
A58: P055 | B58: Bordentown | C58: Burlington | D58: Bordentown | E58: South | F58: Current | G58: L003 | H58: West Jersey Youth Football League | I58: 1 | J58: Current affiliation supported | N58: To classify | O58: Current affiliation supported
A59: P056 | B59: Burlington City | C59: Burlington | D59: Burlington City | E59: South | F59: Current | G59: L001 | H59: South Jersey Independent Youth Football Association | I59: 1 | J59: Current source conflict / partial evidence | N59: To classify | O59: Current source conflict / partial evidence | P59: Verify-listed league(s): L002
A60: P057 | B60: Florence | C60: Burlington | D60: Florence | E60: South | F60: Current | G60: L003 | H60: West Jersey Youth Football League | I60: 1 | J60: Current affiliation supported | N60: To classify | O60: Current affiliation supported
A61: P058 | B61: Moorestown | C61: Burlington | D61: Moorestown | E61: South | F61: Current | G61: L003 | H61: West Jersey Youth Football League | I61: 1 | J61: Current affiliation supported | N61: To classify | O61: Current affiliation supported
A62: P059 | B62: Northern Burlington | C62: Burlington | D62: Northern Burlington | E62: South | F62: Current | G62: L003 | H62: West Jersey Youth Football League | I62: 1 | J62: Current affiliation supported | N62: To classify | O62: Current affiliation supported
A63: P060 | B63: Palmyra | C63: Burlington | D63: Palmyra | E63: South | F63: Current | G63: L003 | H63: West Jersey Youth Football League | I63: 1 | J63: Current affiliation supported | N63: To classify | O63: Current affiliation supported
A64: P061 | B64: Pemberton | C64: Burlington | D64: Pemberton | E64: South | F64: Current | G64: L003 | H64: West Jersey Youth Football League | I64: 1 | J64: Current affiliation supported | N64: To classify | O64: Current affiliation supported
A65: P062 | B65: Rancocas Valley Hurricanes | C65: Burlington | D65: Rancocas Valley / Lumberton area | E65: South | F65: Current | G65: L001 | H65: South Jersey Independent Youth Football Association | I65: 1 | J65: Current source conflict / partial evidence | N65: To classify | O65: Current source conflict / partial evidence | P65: Verify-listed league(s): L002
A66: P063 | B66: Riverside | C66: Burlington | D66: Riverside | E66: South | F66: Current | G66: L003 | H66: West Jersey Youth Football League | I66: 1 | J66: Current affiliation supported | N66: To classify | O66: Current affiliation supported
A67: P064 | B67: Willingboro | C67: Burlington | D67: Willingboro | E67: South | F67: Current | G67: L002 | H67: Tri-County United Football League | I67: 1 | J67: Current affiliation supported | N67: To classify | O67: Current affiliation supported
A68: P065 | B68: Bellmawr | C68: Camden | D68: Bellmawr | E68: South | F68: Current | G68: L003 | H68: West Jersey Youth Football League | I68: 1 | J68: Current affiliation supported | N68: To classify | O68: Current affiliation supported
A69: P066 | B69: Camden | C69: Camden | D69: Camden | E69: South | F69: Current | G69: L002 | H69: Tri-County United Football League | I69: 1 | J69: Current affiliation supported | N69: To classify | O69: Current affiliation supported
A70: P067 | B70: Centerville | C70: Camden | D70: Centerville | E70: South | F70: Current | G70: L002 | H70: Tri-County United Football League | I70: 1 | J70: Current affiliation supported | N70: To classify | O70: Current affiliation supported
A71: P068 | B71: Eastern | C71: Camden | D71: Voorhees / Eastern Camden County area | E71: South | F71: Current | G71: L002 | H71: Tri-County United Football League | I71: 1 | J71: Current affiliation supported | N71: To classify | O71: Current affiliation supported
A72: P069 | B72: Gloucester Township | C72: Camden | D72: Gloucester Township | E72: South | F72: Current | G72: L002 | H72: Tri-County United Football League | I72: 1 | J72: Current affiliation supported | N72: To classify | O72: Current affiliation supported
A73: P070 | B73: Haddon Township | C73: Camden | D73: Haddon Township | E73: South | F73: Current | G73: L003 | H73: West Jersey Youth Football League | I73: 1 | J73: Current affiliation supported | N73: To classify | O73: Current affiliation supported
A74: P071 | B74: Lindenwold | C74: Camden | D74: Lindenwold | E74: South | F74: Current | G74: L002; L003 | H74: Tri-County United Football League; West Jersey Youth Football League | I74: 2 | J74: MULTIPLE CURRENT AFFILIATIONS - determine split-level vs source conflict | N74: To classify | O74: MULTIPLE CURRENT AFFILIATIONS - determine split-level vs source conflict
A75: P072 | B75: Oaklyn | C75: Camden | D75: Oaklyn | E75: South | F75: Current | G75: L003 | H75: West Jersey Youth Football League | I75: 1 | J75: Current affiliation supported | N75: To classify | O75: Current affiliation supported
A76: P073 | B76: Sterling | C76: Camden | D76: Sterling | E76: South | F76: Current | G76: L002 | H76: Tri-County United Football League | I76: 1 | J76: Current affiliation supported | N76: To classify | O76: Current affiliation supported
A77: P074 | B77: Whitman Park | C77: Camden | D77: Whitman Park | E77: South | F77: Current | G77: L002 | H77: Tri-County United Football League | I77: 1 | J77: Current affiliation supported | N77: To classify | O77: Current affiliation supported
A78: P075 | B78: Winslow Elite | C78: Camden | D78: Winslow Elite | E78: South | F78: Historical / no current affiliation verified | I78: 0 | J78: Needs 2026 current-status verification | K78: L002 | N78: To classify | O78: Needs 2026 current-status verification
A79: P076 | B79: Dennis Township | C79: Cape May | D79: Dennis Township | E79: South | F79: Current | G79: L004 | H79: Cape Atlantic Junior Football League | I79: 1 | J79: Current affiliation supported | N79: To classify | O79: Current affiliation supported
A80: P077 | B80: Lower Township | C80: Cape May | D80: Lower Township | E80: South | F80: Current | G80: L004 | H80: Cape Atlantic Junior Football League | I80: 1 | J80: Current affiliation supported | N80: To classify | O80: Current affiliation supported
A81: P078 | B81: Ocean City Raiders | C81: Cape May | D81: Ocean City Raiders | E81: South | F81: Current | G81: L005 | H81: Jersey Shore Youth Football League | I81: 1 | J81: Current affiliation supported | N81: To classify | O81: Current affiliation supported
A82: P079 | B82: Upper Township | C82: Cape May | D82: Upper Township | E82: South | F82: Current | G82: L004 | H82: Cape Atlantic Junior Football League | I82: 1 | J82: Current affiliation supported | N82: To classify | O82: Current affiliation supported
A83: P080 | B83: Wildwood Warriors | C83: Cape May | D83: Wildwood | E83: South | F83: Current status to verify | I83: 0 | J83: Current source conflict / partial evidence | N83: To classify | O83: Current source conflict / partial evidence | P83: Verify-listed league(s): L004
A84: P081 | B84: Bridgeton | C84: Cumberland | D84: Bridgeton | E84: South | F84: Current | G84: L002 | H84: Tri-County United Football League | I84: 1 | J84: Current affiliation supported | N84: To classify | O84: Current affiliation supported
A85: P082 | B85: Holly City | C85: Cumberland | D85: Millville | E85: South | F85: Current | G85: L002 | H85: Tri-County United Football League | I85: 1 | J85: Current affiliation supported | N85: To classify | O85: Current affiliation supported
A86: P083 | B86: Vineland Blitz | C86: Cumberland | D86: Vineland | E86: South | F86: Current | G86: L004 | H86: Cape Atlantic Junior Football League | I86: 1 | J86: Current affiliation supported | N86: To classify | O86: Current affiliation supported
A87: P084 | B87: Vineland Youth Football (Wolfpack) | C87: Cumberland | D87: Vineland | E87: South | F87: Current | G87: L002 | H87: Tri-County United Football League | I87: 1 | J87: Current affiliation supported | N87: To classify | O87: Current affiliation supported
A88: P085 | B88: Belleville Little Devils | C88: Essex | D88: Belleville Little Devils | E88: North | F88: Current | G88: L018 | H88: West Essex Junior Football League | I88: 1 | J88: Current affiliation supported | N88: To classify | O88: Current affiliation supported
A89: P086 | B89: Bloomfield Bengals | C89: Essex | D89: Bloomfield Bengals | E89: North | F89: Current | G89: L007 | H89: New Jersey Suburban Youth Football League | I89: 1 | J89: Current affiliation supported | N89: To classify | O89: Current affiliation supported
A90: P087 | B90: Caldwell | C90: Essex | D90: Caldwell | E90: North | F90: Current | G90: L018 | H90: West Essex Junior Football League | I90: 1 | J90: Current affiliation supported | N90: To classify | O90: Current affiliation supported
A91: P088 | B91: Cedar Grove Jr. Panthers | C91: Essex | D91: Cedar Grove Jr. Panthers | E91: North | F91: Current | G91: L018 | H91: West Essex Junior Football League | I91: 1 | J91: Current affiliation supported | N91: To classify | O91: Current affiliation supported
A92: P089 | B92: Central Ward Cougars | C92: Essex | D92: Newark | E92: North | F92: Current | G92: L016 | H92: Newark Pop Warner | I92: 1 | J92: Current affiliation supported | N92: To classify | O92: Current affiliation supported
A93: P090 | B93: East Orange Rams | C93: Essex | D93: East Orange Rams | E93: North | F93: Current | G93: L013 | H93: North Jersey Pop Warner | I93: 1 | J93: Current affiliation supported | N93: To classify | O93: Current affiliation supported
A94: P091 | B94: Fairfield Falcons | C94: Essex | D94: Fairfield Falcons | E94: North | F94: Current | G94: L018 | H94: West Essex Junior Football League | I94: 1 | J94: Current affiliation supported | N94: To classify | O94: Current affiliation supported
A95: P092 | B95: Glen Ridge | C95: Essex | D95: Glen Ridge | E95: North | F95: Current | G95: L011 | H95: Bergen County Junior Football League | I95: 1 | J95: Current affiliation supported | N95: To classify | O95: Current affiliation supported
A96: P093 | B96: Jackie Robinson Bears | C96: Essex | D96: Newark | E96: North | F96: Current | G96: L016 | H96: Newark Pop Warner | I96: 1 | J96: Current affiliation supported | N96: To classify | O96: Current affiliation supported
A97: P094 | B97: Livingston | C97: Essex | D97: Livingston | E97: North | F97: Historical / no current affiliation verified | I97: 0 | J97: Needs 2026 current-status verification | K97: L018 | N97: To classify | O97: Needs 2026 current-status verification
A98: P095 | B98: Montclair Bulldogs | C98: Essex | D98: Montclair Bulldogs | E98: North | F98: Current | G98: L013 | H98: North Jersey Pop Warner | I98: 1 | J98: Current affiliation supported | N98: To classify | O98: Current affiliation supported
A99: P096 | B99: Nutley Jr. Raiders | C99: Essex | D99: Nutley Jr. Raiders | E99: North | F99: Current | G99: L018 | H99: West Essex Junior Football League | I99: 1 | J99: Current affiliation supported | N99: To classify | O99: Current affiliation supported
A100: P097 | B100: Orange Bengals | C100: Essex | D100: Orange Bengals | E100: North | F100: Current | G100: L013 | H100: North Jersey Pop Warner | I100: 1 | J100: Current affiliation supported | N100: To classify | O100: Current affiliation supported
A101: P098 | B101: Southeast Stallions | C101: Essex | D101: Newark | E101: North | F101: Current | G101: L016 | H101: Newark Pop Warner | I101: 1 | J101: Current affiliation supported | N101: To classify | O101: Current affiliation supported
A102: P099 | B102: Verona Eagles | C102: Essex | D102: Verona Eagles | E102: North | F102: Current | G102: L018 | H102: West Essex Junior Football League | I102: 1 | J102: Current affiliation supported | N102: To classify | O102: Current affiliation supported
A103: P100 | B103: West Essex Cowboys | C103: Essex | D103: West Essex Cowboys | E103: North | F103: Current | G103: L018 | H103: West Essex Junior Football League | I103: 1 | J103: Current affiliation supported | N103: To classify | O103: Current affiliation supported
A104: P101 | B104: West Orange Mustangs | C104: Essex | D104: West Orange Mustangs | E104: North | F104: Current | G104: L007 | H104: New Jersey Suburban Youth Football League | I104: 1 | J104: Current affiliation supported | N104: To classify | O104: Current affiliation supported
A105: P102 | B105: West Ward Hawks | C105: Essex | D105: Newark | E105: North | F105: Current | G105: L016 | H105: Newark Pop Warner | I105: 1 | J105: Current affiliation supported | N105: To classify | O105: Current affiliation supported
...

Sheet Municipality Cleanup
A1: Municipality Cleanup - Foundational Inventory V1
A2: Working review sheet. Primary municipality is assigned from the current program home field / primary operating location when available. Original Municipality_or_Area is preserved for context.
A3: Program_ID | B3: Organization | C3: Current_League | D3: County | E3: Existing_Municipality_or_Area | F3: Home_Field | G3: Field_Address | H3: Primary_Municipality | I3: Verification_Basis | J3: League_Source_URL | K3: Municipality_Verification_URL | L3: Review_Status
A4: P055 | B4: Bordentown | C4: West Jersey Youth Football League | D4: Burlington | E4: Bordentown | F4: Bordentown Bulldogs | G4: 50 Dunns Mill Rd., Bordentown, NJ | H4: Bordentown Township | I4: Primary home field at 50 Dunns Mill Rd is in Bordentown Township. | J4: https://www.westjerseyyouthfootball.com/teams | K4: https://www.co.burlington.nj.us/DocumentCenter/View/2405 | L4: Ready
A5: P056 | B5: Burlington City | C5: South Jersey Independent Youth Football Association | D5: Burlington | E5: Burlington City | F5: Burlington City | G5: 550 High St, Burlington, NJ 08016 | H5: Burlington City | I5: Current SJIYFA field is 550 High St; official Burlington City school information identifies that address in Burlington City. | J5: https://www.sjiyfa.org/schedule.php?group=2&township=0&type=0&week=0&weight=0 | K5: https://www.burlington-nj.net/apps/pages/index.jsp?pREC_ID=1173434&termREC_ID=&type=d&uREC_ID=613587 | L5: Ready
A6: P057 | B6: Florence | C6: West Jersey Youth Football League | D6: Burlington | E6: Florence | F6: Florence Flashes | G6: 875 Summer St., Florence, NJ | H6: Florence Township | I6: Primary field address is 875 Summer St; Florence Township identifies 875 Summer Street as a township facility. | J6: https://www.westjerseyyouthfootball.com/teams | K6: https://florence-nj.gov/departments/public-works/recycling-information/florence-twp-recycling-center/ | L6: Ready
A7: P058 | B7: Moorestown | C7: West Jersey Youth Football League | D7: Burlington | E7: Moorestown | F7: Moorestown Junior Quakers | G7: 1248 N. Church St., Moorestown, NJ | H7: Moorestown Township | I7: Primary field address is 1248 N Church St; Moorestown municipal records identify 1248 N Church St as Township property/open space. | J7: https://www.westjerseyyouthfootball.com/teams | K7: https://www.moorestown.nj.us/DocumentCenter/View/5693/2018282901_Affordable_Housing_Settlement_Agreement_2018 | L7: Ready
A8: P059 | B8: Northern Burlington | C8: West Jersey Youth Football League | D8: Burlington | E8: Northern Burlington | F8: Northern Burlington Greyhounds | G8: 180/160 Mansfield Rd., East Mansfield, NJ | H8: Mansfield Township | I8: Northern Burlington school complex at 160 Mansfield Rd is identified by Burlington County as being in Mansfield Township. | J8: https://www.westjerseyyouthfootball.com/teams | K8: https://www.co.burlington.nj.us/DocumentCenter/Home/View/852 | L8: Ready
A9: P060 | B9: Palmyra | C9: West Jersey Youth Football League | D9: Burlington | E9: Palmyra | F9: Palmyra Panthers | G9: Broad & Park Ave., Palmyra, NJ | H9: Palmyra Borough | I9: Program is based in Palmyra; NJ municipal records identify the legal municipality as Palmyra Borough. | J9: https://www.westjerseyyouthfootball.com/teams | K9: https://www.nj.gov/cgi-bin/dhss/vital/registrars.pl?county=Burlington | L9: Ready
A10: P061 | B10: Pemberton | C10: West Jersey Youth Football League | D10: Burlington | E10: Pemberton | F10: Pemberton Hornets | G10: 1 Anderson Rd., Pemberton, NJ | H10: Pemberton Township | I10: Primary field is 1 Anderson Rd / Nesbit Center; Burlington County polling records identify it as Pemberton Township. | J10: https://www.westjerseyyouthfootball.com/teams | K10: https://nj-burlingtoncounty.civicplus.com/DocumentCenter/View/21568/Primary-2025-Polling-Locations-PDF | L10: Ready
A11: P062 | B11: Rancocas Valley Hurricanes | C11: South Jersey Independent Youth Football Association | D11: Burlington | E11: Rancocas Valley / Lumberton area | F11: Lumberton Field / RVHS | G11: 35 Municipal Dr., Lumberton, NJ 08048 | H11: Lumberton Township | I11: Primary field/operating location is 35 Municipal Dr; Lumberton Township identifies this address as its municipal complex. | J11: https://www.sjiyfa.org/schedule.php?group=2&township=0&type=0&week=0&weight=0 | K11: https://www.lumbertontwp.com/contact-us/ | L11: Ready
A12: P063 | B12: Riverside | C12: West Jersey Youth Football League | D12: Burlington | E12: Riverside | F12: Riverside Rams | G12: 112 E. Washington St., Riverside, NJ | H12: Riverside Township | I12: Primary field is 112 E Washington St; Riverside Township School District uses that same address. | J12: https://www.westjerseyyouthfootball.com/teams | K12: https://www.riverside.k12.nj.us/accessibility | L12: Ready
A13: P064 | B13: Willingboro | C13: Tri-County United Football League | D13: Burlington | E13: Willingboro | H13: Willingboro Township | I13: Program is based in Willingboro; official municipal website identifies the legal municipality as Willingboro Township. | J13: https://tcufl.org/organizations.php | K13: https://www.willingboronj.gov/ | L13: Ready

Sheet Affiliation History
A1: Affiliation History
A2: Each row is one program-to-league relationship for a season or evidence period. This preserves league moves and conflicting listings without overwriting history.
A3: Affiliation_ID | B3: Program_ID | C3: Original_Record_ID | D3: League_ID | E3: League_Name | F3: Season | G3: Organization_Name_As_Recorded | H3: Primary_County | I3: Municipality_or_Area | J3: Evidence_Status | K3: Current_Affiliation_Flag | L3: Source_Reference | M3: Source_URL | N3: Notes
A4: A001 | B4: P062 | C4: O001 | D4: L001 | E4: South Jersey Independent Youth Football Association | F4: 2026 | G4: Rancocas Valley Hurricanes | H4: Burlington | I4: Rancocas Valley / Lumberton area | J4: Current / verified from 2026 SJIYFA schedule | K4: Yes | L4: SJIYFA 2026 schedule + RV Hurricanes official site | M4: https://www.sjiyfa.org/schedule.php?group=2&township=0&type=0&week=0&weight=0 | N4: Current 2026 SJIYFA schedule and RV Hurricanes site confirm affiliation; SJIYFA field directory also lists RV fields.
A5: A002 | B5: P056 | C5: O002 | D5: L001 | E5: South Jersey Independent Youth Football Association | F5: 2026 | G5: Burlington City | H5: Burlington | I5: Burlington City | J5: Current / verified from 2026 SJIYFA schedule | K5: Yes | L5: SJIYFA 2026 schedule and field directory | M5: https://www.sjiyfa.org/schedule.php?group=2&township=0&type=0&week=0&weight=0 | N5: Current 2026 SJIYFA schedule confirms Burlington City after recent league move.
A6: A003 | B6: P003 | C6: O003 | D6: L002 | E6: Tri-County United Football League | F6: 2026 | G6: Atlantic City | H6: Atlantic | I6: Atlantic City | J6: Current / verified from 2026 TCUFL organization page | K6: Yes | L6: TCUFL 2026 Organizations | M6: https://tcufl.org/organizations.php
A7: A004 | B7: P013 | C7: O004 | D7: L002 | E7: Tri-County United Football League | F7: 2026 | G7: Mays Landing | H7: Atlantic | I7: Mays Landing | J7: Current / verified from 2026 TCUFL organization page | K7: Yes | L7: TCUFL 2026 Organizations | M7: https://tcufl.org/organizations.php
A8: A005 | B8: P015 | C8: O005 | D8: L002 | E8: Tri-County United Football League | F8: 2026 | G8: Pleasantville | H8: Atlantic | I8: Pleasantville | J8: Current / verified from 2026 TCUFL organization page | K8: Yes | L8: TCUFL 2026 Organizations | M8: https://tcufl.org/organizations.php
A9: A006 | B9: P056 | C9: O006 | D9: L002 | E9: Tri-County United Football League | F9: 2026 | G9: Burlington City | H9: Burlington | I9: Burlington City | J9: 2026 TCUFL page / conflicts with current SJIYFA schedule | K9: Verify | L9: TCUFL 2026 Organizations | M9: https://tcufl.org/organizations.php | N9: TCUFL 2026 organization directory lists this program, but current 2026 SJIYFA schedule also lists it. Treat affiliation as unresolved until program/league confirmation.
A10: A007 | B10: P066 | C10: O007 | D10: L002 | E10: Tri-County United Football League | F10: 2026 | G10: Camden | H10: Camden | I10: Camden | J10: Current / verified from 2026 TCUFL organization page | K10: Yes | L10: TCUFL 2026 Organizations | M10: https://tcufl.org/organizations.php
A11: A008 | B11: P067 | C11: O008 | D11: L002 | E11: Tri-County United Football League | F11: 2026 | G11: Centerville | H11: Camden | I11: Centerville | J11: Current / verified from 2026 TCUFL organization page | K11: Yes | L11: TCUFL 2026 Organizations | M11: https://tcufl.org/organizations.php
A12: A009 | B12: P069 | C12: O009 | D12: L002 | E12: Tri-County United Football League | F12: 2026 | G12: Gloucester Township | H12: Camden | I12: Gloucester Township | J12: Current / verified from 2026 TCUFL organization page | K12: Yes | L12: TCUFL 2026 Organizations | M12: https://tcufl.org/organizations.php
A13: A010 | B13: P071 | C13: O010 | D13: L002 | E13: Tri-County United Football League | F13: 2026 | G13: Lindenwold | H13: Camden | I13: Lindenwold | J13: Current / verified from 2026 TCUFL organization page | K13: Yes | L13: TCUFL 2026 Organizations | M13: https://tcufl.org/organizations.php
A14: A011 | B14: P073 | C14: O011 | D14: L002 | E14: Tri-County United Football League | F14: 2026 | G14: Sterling | H14: Camden | I14: Sterling | J14: Current / verified from 2026 TCUFL organization page | K14: Yes | L14: TCUFL 2026 Organizations | M14: https://tcufl.org/organizations.php
A15: A012 | B15: P074 | C15: O012 | D15: L002 | E15: Tri-County United Football League | F15: 2026 | G15: Whitman Park | H15: Camden | I15: Whitman Park | J15: Current / verified from 2026 TCUFL organization page | K15: Yes | L15: TCUFL 2026 Organizations | M15: https://tcufl.org/organizations.php
A16: A013 | B16: P075 | C16: O013 | D16: L002 | E16: Tri-County United Football League | F16: Recent / pre-2026 | G16: Winslow Elite | H16: Camden | I16: Winslow Elite | J16: Recent / not listed on 2026 TCUFL organization page | K16: No | L16: Earlier TCUFL material; compared with 2026 organization directory | M16: https://tcufl.org/organizations.php | N16: Not on official 2026 TCUFL organization directory; retain as recent/historical until exact transition is established.
A17: A014 | B17: P081 | C17: O014 | D17: L002 | E17: Tri-County United Football League | F17: 2026 | G17: Bridgeton | H17: Cumberland | I17: Bridgeton | J17: Current / verified from 2026 TCUFL organization page | K17: Yes | L17: TCUFL 2026 Organizations | M17: https://tcufl.org/organizations.php
A18: A015 | B18: P082 | C18: O015 | D18: L002 | E18: Tri-County United Football League | F18: 2026 | G18: Holly City | H18: Cumberland | I18: Millville | J18: Current / verified from 2026 TCUFL organization page | K18: Yes | L18: TCUFL 2026 Organizations | M18: https://tcufl.org/organizations.php
A19: A016 | B19: P084 | C19: O016 | D19: L002 | E19: Tri-County United Football League | F19: 2026 | G19: Vineland Youth Football (Wolfpack) | H19: Cumberland | I19: Vineland | J19: Current / verified from 2026 TCUFL organization page | K19: Yes | L19: TCUFL 2026 Organizations | M19: https://tcufl.org/organizations.php
A20: A017 | B20: P103 | C20: O017 | D20: L002 | E20: Tri-County United Football League | F20: 2026 | G20: Clayton | H20: Gloucester | I20: Clayton | J20: Current / verified from 2026 TCUFL organization page | K20: Yes | L20: TCUFL 2026 Organizations | M20: https://tcufl.org/organizations.php
A21: A018 | B21: P104 | C21: O018 | D21: L002 | E21: Tri-County United Football League | F21: 2026 | G21: Delsea | H21: Gloucester | I21: Delsea | J21: Current / verified from 2026 TCUFL organization page | K21: Yes | L21: TCUFL 2026 Organizations | M21: https://tcufl.org/organizations.php
A22: A019 | B22: P105 | C22: O019 | D22: L002 | E22: Tri-County United Football League | F22: 2026 | G22: Deptford | H22: Gloucester | I22: Deptford | J22: Current / verified from 2026 TCUFL organization page | K22: Yes | L22: TCUFL 2026 Organizations | M22: https://tcufl.org/organizations.php
A23: A020 | B23: P106 | C23: O020 | D23: L002 | E23: Tri-County United Football League | F23: 2026 | G23: Glassboro | H23: Gloucester | I23: Glassboro | J23: Current / verified from 2026 TCUFL organization page | K23: Yes | L23: TCUFL 2026 Organizations | M23: https://tcufl.org/organizations.php
A24: A021 | B24: P107 | C24: O021 | D24: L002 | E24: Tri-County United Football League | F24: 2026 | G24: Kingsway | H24: Gloucester | I24: Kingsway | J24: Current / verified from 2026 TCUFL organization page | K24: Yes | L24: TCUFL 2026 Organizations | M24: https://tcufl.org/organizations.php
A25: A022 | B25: P108 | C25: O022 | D25: L002 | E25: Tri-County United Football League | F25: 2026 | G25: Monroe | H25: Gloucester | I25: Monroe | J25: Current / verified from 2026 TCUFL organization page | K25: Yes | L25: TCUFL 2026 Organizations | M25: https://tcufl.org/organizations.php
A26: A023 | B26: P109 | C26: O023 | D26: L002 | E26: Tri-County United Football League | F26: Recent / pre-2026 | G26: Paulsboro | H26: Gloucester | I26: Paulsboro | J26: Recent / not listed on 2026 TCUFL organization page | K26: No | L26: Earlier TCUFL material; compared with 2026 organization directory | M26: https://tcufl.org/organizations.php | N26: Not on official 2026 TCUFL organization directory; retain as recent/historical until exact transition is established.
A27: A024 | B27: P112 | C27: O024 | D27: L002 | E27: Tri-County United Football League | F27: 2026 | G27: Woodbury | H27: Gloucester | I27: Woodbury | J27: Current / verified from 2026 TCUFL organization page | K27: Yes | L27: TCUFL 2026 Organizations | M27: https://tcufl.org/organizations.php
A28: A025 | B28: P174 | C28: O025 | D28: L002 | E28: Tri-County United Football League | F28: Recent / pre-2026 | G28: Penns Grove | H28: Salem | I28: Penns Grove | J28: Recent / not listed on 2026 TCUFL organization page | K28: No | L28: Earlier TCUFL material; compared with 2026 organization directory | M28: https://tcufl.org/organizations.php | N28: Not on official 2026 TCUFL organization directory; retain as recent/historical until exact transition is established.
A29: A026 | B29: P175 | C29: O026 | D29: L002 | E29: Tri-County United Football League | F29: 2026 | G29: Pennsville | H29: Salem | I29: Pennsville | J29: Current / verified from 2026 TCUFL organization page | K29: Yes | L29: TCUFL 2026 Organizations | M29: https://tcufl.org/organizations.php
A30: A027 | B30: P177 | C30: O027 | D30: L002 | E30: Tri-County United Football League | F30: 2026 | G30: Salem | H30: Salem | I30: Salem | J30: Current / verified from 2026 TCUFL organization page | K30: Yes | L30: TCUFL 2026 Organizations | M30: https://tcufl.org/organizations.php
A31: A028 | B31: P055 | C31: O028 | D31: L003 | E31: West Jersey Youth Football League | F31: 2026 | G31: Bordentown | H31: Burlington | I31: Bordentown | J31: Current / verified from official WJYFL teams page | K31: Yes | L31: WJYFL official Teams page | M31: https://www.westjerseyyouthfootball.com/teams
A32: A029 | B32: P057 | C32: O029 | D32: L003 | E32: West Jersey Youth Football League | F32: 2026 | G32: Florence | H32: Burlington | I32: Florence | J32: Current / verified from official WJYFL teams page | K32: Yes | L32: WJYFL official Teams page | M32: https://www.westjerseyyouthfootball.com/teams
A33: A030 | B33: P059 | C33: O030 | D33: L003 | E33: West Jersey Youth Football League | F33: 2026 | G33: Northern Burlington | H33: Burlington | I33: Northern Burlington | J33: Current / verified from official WJYFL teams page | K33: Yes | L33: WJYFL official Teams page | M33: https://www.westjerseyyouthfootball.com/teams
A34: A031 | B34: P061 | C34: O031 | D34: L003 | E34: West Jersey Youth Football League | F34: 2026 | G34: Pemberton | H34: Burlington | I34: Pemberton | J34: Current / verified from official WJYFL teams page | K34: Yes | L34: WJYFL official Teams page | M34: https://www.westjerseyyouthfootball.com/teams
A35: A032 | B35: P060 | C35: O032 | D35: L003 | E35: West Jersey Youth Football League | F35: 2026 | G35: Palmyra | H35: Burlington | I35: Palmyra | J35: Current / verified from official WJYFL teams page | K35: Yes | L35: WJYFL official Teams page | M35: https://www.westjerseyyouthfootball.com/teams
A36: A033 | B36: P058 | C36: O033 | D36: L003 | E36: West Jersey Youth Football League | F36: 2026 | G36: Moorestown | H36: Burlington | I36: Moorestown | J36: Current / verified from official WJYFL teams page | K36: Yes | L36: WJYFL official Teams page | M36: https://www.westjerseyyouthfootball.com/teams
A37: A034 | B37: P063 | C37: O034 | D37: L003 | E37: West Jersey Youth Football League | F37: 2026 | G37: Riverside | H37: Burlington | I37: Riverside | J37: Current / verified from official WJYFL teams page | K37: Yes | L37: WJYFL official Teams page | M37: https://www.westjerseyyouthfootball.com/teams
A38: A035 | B38: P123 | C38: O035 | D38: L003 | E38: West Jersey Youth Football League | F38: 2026 | G38: Lawrence | H38: Mercer | I38: Lawrence | J38: Current / verified from official WJYFL teams page | K38: Yes | L38: WJYFL official Teams page | M38: https://www.westjerseyyouthfootball.com/teams
A39: A036 | B39: P122 | C39: O036 | D39: L003 | E39: West Jersey Youth Football League | F39: 2026 | G39: Hopewell Valley | H39: Mercer | I39: Hopewell Valley | J39: Current / verified from official WJYFL teams page | K39: Yes | L39: WJYFL official Teams page | M39: https://www.westjerseyyouthfootball.com/teams
A40: A037 | B40: P158 | C40: O037 | D40: L003 | E40: West Jersey Youth Football League | F40: 2026 | G40: New Egypt | H40: Ocean | I40: New Egypt | J40: Current / verified from official WJYFL teams page | K40: Yes | L40: WJYFL official Teams page | M40: https://www.westjerseyyouthfootball.com/teams
... A48: A045 | B48: P077 | C48: O045 | D48: L004 | E48: Cape Atlantic Junior Football League | F48: 2025-2026 | G48: Lower Township | H48: Cape May | I48: Lower Township | J48: Current / verified from CAJFL site | K48: Yes | L48: CAJFL current program navigation / field directory | M48: https://www.cajfl.com/field-locations
A49: A046 | B49: P080 | C49: O046 | D49: L004 | E49: Cape Atlantic Junior Football League | F49: 2025-2026 | G49: Wildwood Warriors | H49: Cape May | I49: Wildwood | J49: Current field listing / 2026 competitive membership to verify | K49: Verify | L49: CAJFL field directory | M49: https://www.cajfl.com/field-locations | N49: Current CAJFL field directory lists Wildwood Warriors, but current program navigation used in this audit did not list Wildwood. Verify 2026 competitive membership.
A50: A047 | B50: P079 | C50: O047 | D50: L004 | E50: Cape Atlantic Junior Football League | F50: 2025-2026 | G50: Upper Township | H50: Cape May | I50: Upper Township | J50: Current / verified from CAJFL site | K50: Yes | L50: CAJFL current program navigation / field directory | M50: https://www.cajfl.com/field-locations
A51: A048 | B51: P009 | C51: O048 | D51: L004 | E51: Cape Atlantic Junior Football League | F51: 2025-2026 | G51: Galloway | H51: Atlantic | I51: Galloway | J51: Current / verified from CAJFL site | K51: Yes | L51: CAJFL current program navigation / field directory | M51: https://www.cajfl.com/field-locations
A52: A049 | B52: P007 | C52: O049 | D52: L004 | E52: Cape Atlantic Junior Football League | F52: 2025-2026 | G52: Egg Harbor Township | H52: Atlantic | I52: Egg Harbor Township | J52: Current / verified from CAJFL site | K52: Yes | L52: CAJFL current program navigation / field directory | M52: https://www.cajfl.com/field-locations
A53: A050 | B53: P014 | C53: O050 | D53: L004 | E53: Cape Atlantic Junior Football League | F53: 2025-2026 | G53: Northfield | H53: Atlantic | I53: Northfield | J53: Current / verified from CAJFL site | K53: Yes | L53: CAJFL current program navigation / field directory | M53: https://www.cajfl.com/field-locations
A54: A051 | B54: P016 | C54: O051 | D54: L004 | E54: Cape Atlantic Junior Football League | F54: 2025-2026 | G54: Somers Point | H54: Atlantic | I54: Somers Point | J54: Current / verified from CAJFL site | K54: Yes | L54: CAJFL current program navigation / field directory | M54: https://www.cajfl.com/field-locations
A55: A052 | B55: P083 | C55: O052 | D55: L004 | E55: Cape Atlantic Junior Football League | F55: 2025-2026 | G55: Vineland Blitz | H55: Cumberland | I55: Vineland | J55: Current / verified from CAJFL site | K55: Yes | L55: CAJFL current program navigation / field directory | M55: https://www.cajfl.com/field-locations
A56: A053 | B56: P002 | C56: O053 | D56: L005 | E56: Jersey Shore Youth Football League | F56: 2025 exact / 2026 site | G56: Absecon Blue Devils | H56: Atlantic | I56: Absecon Blue Devils | J56: Current / verified | K56: Yes | L56: JSYFL 2025 schedule + 2026 site
A57: A054 | B57: P004 | C57: O054 | D57: L005 | E57: Jersey Shore Youth Football League | F57: 2025 exact / 2026 site | G57: Brigantine Rams | H57: Atlantic | I57: Brigantine Rams | J57: Current / verified | K57: Yes | L57: JSYFL 2025 schedule + 2026 site
A58: A055 | B58: P005 | C58: O055 | D58: L005 | E58: Jersey Shore Youth Football League | F58: 2025 exact / 2026 site | G58: Buena | H58: Atlantic | I58: Buena | J58: Current / verified | K58: Yes | L58: JSYFL 2025 schedule + 2026 site
A59: A056 | B59: P006 | C59: O056 | D59: L005 | E59: Jersey Shore Youth Football League | F59: 2025 exact / 2026 site | G59: Egg Harbor City | H59: Atlantic | I59: Egg Harbor City | J59: Current / verified | K59: Yes | L59: JSYFL 2025 schedule + 2026 site
A60: A057 | B60: P008 | C60: O057 | D60: L005 | E60: Jersey Shore Youth Football League | F60: 2025 exact / 2026 site | G60: Egg Harbor Township / EHTYO | H60: Atlantic | I60: Egg Harbor Township / EHTYO | J60: Current / verified | K60: Yes | L60: JSYFL 2025 schedule + 2026 site
A61: A058 | B61: P011 | C61: O058 | D61: L005 | E61: Jersey Shore Youth Football League | F61: 2025 exact / 2026 site | G61: Hammonton Hawks | H61: Atlantic | I61: Hammonton Hawks | J61: Current / verified | K61: Yes | L61: JSYFL 2025 schedule + 2026 site
A62: A059 | B62: P012 | C62: O059 | D62: L005 | E62: Jersey Shore Youth Football League | F62: 2025 exact / 2026 site | G62: Linwood Panthers | H62: Atlantic | I62: Linwood Panthers | J62: Current / verified | K62: Yes | L62: JSYFL 2025 schedule + 2026 site
A63: A060 | B63: P078 | C63: O060 | D63: L005 | E63: Jersey Shore Youth Football League | F63: 2025 exact / 2026 site | G63: Ocean City Raiders | H63: Cape May | I63: Ocean City Raiders | J63: Current / verified | K63: Yes | L63: JSYFL 2025 schedule + 2026 site
A64: A061 | B64: P017 | C64: O061 | D64: L005 | E64: Jersey Shore Youth Football League | F64: 2025 exact / 2026 site | G64: Ventnor Pirates | H64: Atlantic | I64: Ventnor Pirates | J64: Current / verified | K64: Yes | L64: JSYFL 2025 schedule + 2026 site
A65: A062 | B65: P142 | C65: O062 | D65: L006 | E65: New Jersey American Youth Football - Jersey Shore Conference | F65: 2026 | G65: Allentown / Millstone | H65: Monmouth | I65: Allentown / Millstone | J65: Current / partial list | K65: Yes | L65: Working inventory from reviewed project sources
A66: A063 | B66: P118 | C66: O063 | D66: L006 | E66: New Jersey American Youth Football - Jersey Shore Conference | F66: 2026 | G66: Hunterdon Huskies | H66: Hunterdon | I66: Hunterdon Huskies | J66: Current / partial list | K66: Yes | L66: Working inventory from reviewed project sources
A67: A064 | B67: P129 | C67: O064 | D67: L006 | E67: New Jersey American Youth Football - Jersey Shore Conference | F67: 2026 | G67: Middlesex Blue Jays | H67: Middlesex | I67: Middlesex Blue Jays | J67: Current / partial list | K67: Yes | L67: Working inventory from reviewed project sources
... A117: A114 | B117: P026 | C117: O114 | D117: L010 | E117: Northern Bergen Junior Football League | F117: 2026 | G117: Fair Lawn | H117: Bergen | I117: Fair Lawn | J117: Current / verified from 2026 roster page | K117: Yes | L117: Working inventory from reviewed project sources
A118: A115 | B118: P028 | C118: O115 | D118: L010 | E118: Northern Bergen Junior Football League | F118: 2026 | G118: Franklin Lakes | H118: Bergen | I118: Franklin Lakes | J118: Current / verified from 2026 NBJFL roster | K118: Yes | L118: NBJFL Fall 2026 Players | M118: https://www.nbjfl.net/teams/default.asp?p=roster&s=football&u=NBJFL1
A119: A116 | B119: P163 | C119: O116 | D119: L010 | E119: Northern Bergen Junior Football League | F119: 2026 | G119: Hawthorne | H119: Passaic | I119: Hawthorne | J119: Current / verified from 2026 roster page | K119: Yes | L119: Working inventory from reviewed project sources
A120: A117 | B120: P036 | C120: O117 | D120: L010 | E120: Northern Bergen Junior Football League | F120: 2026 | G120: Mahwah | H120: Bergen | I120: Mahwah | J120: Current / verified from 2026 roster page | K120: Yes | L120: Working inventory from reviewed project sources
A121: A118 | B121: P152 | C121: O118 | D121: L010 | E121: Northern Bergen Junior Football League | F121: 2026 | G121: Montville | H121: Morris | I121: Montville | J121: Current / verified from 2026 roster page | K121: Yes | L121: Working inventory from reviewed project sources
A122: A119 | B122: P039 | C122: O119 | D122: L010 | E122: Northern Bergen Junior Football League | F122: 2026 | G122: Northern Highlands | H122: Bergen | I122: Northern Highlands | J122: Current / verified from 2026 roster page | K122: Yes | L122: Working inventory from reviewed project sources
A123: A120 | B123: P041 | C123: O120 | D123: L010 | E123: Northern Bergen Junior Football League | F123: 2026 | G123: Oakland | H123: Bergen | I123: Oakland | J123: Current / verified from 2026 roster page | K123: Yes | L123: Working inventory from reviewed project sources
A124: A121 | B124: P042 | C124: O121 | D124: L010 | E124: Northern Bergen Junior Football League | F124: 2026 | G124: Paramus | H124: Bergen | I124: Paramus | J124: Current / verified from 2026 roster page | K124: Yes | L124: Working inventory from reviewed project sources
A125: A122 | B125: P044 | C125: O122 | D125: L010 | E125: Northern Bergen Junior Football League | F125: 2026 | G125: Ramsey | H125: Bergen | I125: Ramsey | J125: Current / verified from 2026 roster page | K125: Yes | L125: Working inventory from reviewed project sources
A126: A123 | B126: P045 | C126: O123 | D126: L010 | E126: Northern Bergen Junior Football League | F126: 2026 | G126: Ridgewood | H126: Bergen | I126: Ridgewood | J126: Current / verified from 2026 roster page | K126: Yes | L126: Working inventory from reviewed project sources
A127: A124 | B127: P046 | C127: O124 | D127: L010 | E127: Northern Bergen Junior Football League | F127: 2026 | G127: River Dell | H127: Bergen | I127: River Dell | J127: Current / verified from 2026 roster page | K127: Yes | L127: Working inventory from reviewed project sources
A128: A125 | B128: P171 | C128: O125 | D128: L010 | E128: Northern Bergen Junior Football League | F128: 2026 | G128: Wayne PAL | H128: Passaic | I128: Wayne PAL | J128: Current / verified from 2026 roster page | K128: Yes | L128: Working inventory from reviewed project sources
A129: A126 | B129: P172 | C129: O126 | D129: L010 | E129: Northern Bergen Junior Football League | F129: 2026 | G129: West Milford | H129: Passaic | I129: West Milford | J129: Current / verified from 2026 roster page | K129: Yes | L129: Working inventory from reviewed project sources
A130: A127 | B130: P054 | C130: O127 | D130: L010 | E130: Northern Bergen Junior Football League | F130: 2026 | G130: Wyckoff | H130: Bergen | I130: Wyckoff | J130: Current / verified from 2026 roster page | K130: Yes | L130: Working inventory from reviewed project sources
... A143: A140 | B143: P162 | C143: O140 | D143: L012 | E143: Tri-County Youth Football League - Northern NJ | F143: 2026 | G143: Bloomingdale / Butler | H143: Passaic | I143: Bloomingdale / Butler | J143: Current / verified | K143: Yes | L143: Working inventory from reviewed project sources
A144: A141 | B144: P028 | C144: O141 | D144: L012 | E144: Tri-County Youth Football League - Northern NJ | F144: Prior to 2025 | G144: Franklin Lakes | H144: Bergen | I144: Franklin Lakes | J144: Historical / left TCYFL before 2025 season | K144: No | L144: 2025 PLRYO minutes; TCYFL program page remains stale | M144: https://cdn2.sportngin.com/attachments/document/ffa3-3469615/02052025_Minutes.pdf | N144: Contemporaneous 2025 league/program minutes state Franklin Lakes was no longer in TCYFL. Current TCYFL program page still lists it and appears stale; NBJFL 2026 roster confirms Franklin Lakes in NBJFL.
A145: A142 | B145: P030 | C145: O142 | D145: L012 | E145: Tri-County Youth Football League - Northern NJ | F145: 2026 | G145: Glen Rock | H145: Bergen | I145: Glen Rock | J145: Current / verified | K145: Yes | L145: Working inventory from reviewed project sources
A146: A143 | B146: P148 | C146: O143 | D146: L012 | E146: Tri-County Youth Football League - Northern NJ | F146: 2026 | G146: Hanover | H146: Morris | I146: Hanover | J146: Current / verified | K146: Yes | L146: Working inventory from reviewed project sources
A147: A144 | B147: P150 | C147: O144 | D147: L012 | E147: Tri-County Youth Football League - Northern NJ | F147: 2026 | G147: Kinnelon | H147: Morris | I147: Kinnelon | J147: Current / verified | K147: Yes | L147: Working inventory from reviewed project sources
A148: A145 | B148: P151 | C148: O145 | D148: L012 | E148: Tri-County Youth Football League - Northern NJ | F148: 2026 | G148: Lincoln Park / Boonton | H148: Morris | I148: Lincoln Park / Boonton | J148: Current / verified | K148: Yes | L148: Working inventory from reviewed project sources
A149: A146 | B149: P164 | C149: O146 | D149: L012 | E149: Tri-County Youth Football League - Northern NJ | F149: 2026 | G149: Little Falls | H149: Passaic | I149: Little Falls | J149: Current / verified | K149: Yes | L149: Working inventory from reviewed project sources
A150: A147 | B150: P154 | C150: O147 | D150: L012 | E150: Tri-County Youth Football League - Northern NJ | F150: 2026 | G150: Pequannock | H150: Morris | I150: Pequannock | J150: Current / verified | K150: Yes | L150: Working inventory from reviewed project sources
A151: A148 | B151: P165 | C151: O148 | D151: L012 | E151: Tri-County Youth Football League - Northern NJ | F151: 2026 | G151: Pompton Lakes / Riverdale | H151: Passaic | I151: Pompton Lakes / Riverdale | J151: Current / verified | K151: Yes | L151: Working inventory from reviewed project sources
A152: A149 | B152: P169 | C152: O149 | D152: L012 | E152: Tri-County Youth Football League - Northern NJ | F152: 2026 | G152: Wanaque | H152: Passaic | I152: Wanaque | J152: Current / verified | K152: Yes | L152: Working inventory from reviewed project sources
A153: A150 | B153: P090 | C153: O150 | D153: L013 | E153: North Jersey Pop Warner | F153: 2026 | G153: East Orange Rams | H153: Essex | I153: East Orange Rams | J153: Current / verified | K153: Yes | L153: Working inventory from reviewed project sources
A154: A151 | B154: P200 | C154: O151 | D154: L013 | E154: North Jersey Pop Warner | F154: 2026 | G154: Elizabeth Minutemen | H154: Union | I154: Elizabeth Minutemen | J154: Current / verified | K154: Yes | L154: Working inventory from reviewed project sources
A155: A152 | B155: P201 | C155: O152 | D155: L013 | E155: North Jersey Pop Warner | F155: 2026 | G155: Hillside Jr. Comets | H155: Union | I155: Hillside Jr. Comets | J155: Current / verified | K155: Yes | L155: Working inventory from reviewed project sources
A156: A153 | B156: P202 | C156: O153 | D156: L013 | E156: North Jersey Pop Warner | F156: 2026 | G156: Linden Tigers | H156: Union | I156: Linden Tigers | J156: Current / verified | K156: Yes | L156: Working inventory from reviewed project sources
A157: A154 | B157: P001 | C157: O154 | D157: L013 | E157: North Jersey Pop Warner | F157: 2026 | G157: Mo Better Jaguars | I157: Mo Better Jaguars | J157: Current / location to verify | K157: Verify | L157: Working inventory from reviewed project sources
A158: A155 | B158: P095 | C158: O155 | D158: L013 | E158: North Jersey Pop Warner | F158: 2026 | G158: Montclair Bulldogs | H158: Essex | I158: Montclair Bulldogs | J158: Current / verified | K158: Yes | L158: Working inventory from reviewed project sources
A159: A156 | B159: P097 | C159: O156 | D159: L013 | E159: North Jersey Pop Warner | F159: 2026 | G159: Orange Bengals | H159: Essex | I159: Orange Bengals | J159: Current / verified | K159: Yes | L159: Working inventory from reviewed project sources
A160: A157 | B160: P205 | C160: O157 | D160: L013 | E160: North Jersey Pop Warner | F160: 2026 | G160: Rahway Chiefs | H160: Union | I160: Rahway Chiefs | J160: Current / verified | K160: Yes | L160: Working inventory from reviewed project sources
A161: A158 | B161: P206 | C161: O158 | D161: L013 | E161: North Jersey Pop Warner | F161: 2026 | G161: Roselle Rams | H161: Union | I161: Roselle Rams | J161: Current / verified | K161: Yes | L161: Working inventory from reviewed project sources
A162: A159 | B162: P210 | C162: O159 | D162: L013 | E162: North Jersey Pop Warner | F162: 2026 | G162: Union Rams | H162: Union | I162: Union Rams | J162: Current / verified | K162: Yes | L162: Working inventory from reviewed project sources
A163: A160 | B163: P141 | C163: O160 | D163: L014 | E163: Central Jersey Pop Warner | F163: 2026 | G163: A&M Redbirds | H163: Monmouth | I163: Allentown / Upper Freehold area | J163: Current / verified | K163: Yes | L163: Working inventory from reviewed project sources
A164: A161 | B164: P180 | C164: O161 | D164: L014 | E164: Central Jersey Pop Warner | F164: 2026 | G164: Bridgewater-Raritan Panthers | H164: Somerset | I164: Bridgewater-Raritan Panthers | J164: Current / verified | K164: Yes | L164: Working inventory from reviewed project sources
A165: A162 | B165: P126 | C165: O162 | D165: L014 | E165: Central Jersey Pop Warner | F165: 2026 | G165: Carteret Sportsmen Bulldogs | H165: Middlesex | I165: Carteret Sportsmen Bulldogs | J165: Current / verified | K165: Yes | L165: Working inventory from reviewed project sources
A166: A163 | B166: P127 | C166: O163 | D166: L014 | E166: Central Jersey Pop Warner | F166: 2026 | G166: Edison Jets | H166: Middlesex | I166: Edison Jets | J166: Current / verified | K166: Yes | L166: Working inventory from reviewed project sources
A167: A164 | B167: P117 | C167: O164 | D167: L014 | E167: Central Jersey Pop Warner | F167: 2026 | G167: Flemington Falcons | H167: Hunterdon | I167: Flemington Falcons | J167: Current / verified | K167: Yes | L167: Working inventory from reviewed project sources
A168: A165 | B168: P181 | C168: O165 | D168: L014 | E168: Central Jersey Pop Warner | F168: 2026 | G168: Franklin Warriors | H168: Somerset | I168: Franklin Warriors | J168: Current / verified | K168: Yes | L168: Working inventory from reviewed project sources
...

Sheet Organization Master
A1: Organization Master
A3: Org_ID | B3: League_ID | C3: Organization_Name | D3: Season | E3: Primary_County | F3: Additional_Counties | G3: Municipality_or_Area | H3: Service_Area | I3: High_School_or_Sending_District | J3: Home_Field | K3: Field_Address | L3: NJYASA_Region | M3: Evidence_Status | N3: Source_Reference | O3: Source_URL | P3: Notes | Q3: Program_ID | R3: Current_Affiliation_Flag | S3: Phase1_Review_Flag
A4: O001 | B4: L001 | C4: Rancocas Valley Hurricanes | D4: 2026 | E4: Burlington | G4: Rancocas Valley / Lumberton area | I4: Rancocas Valley Regional High School | J4: Lumberton Field / RVHS | K4: 35 Municipal Dr., Lumberton, NJ 08048 | L4: South | M4: Current / verified from 2026 SJIYFA schedule | N4: SJIYFA 2026 schedule + RV Hurricanes official site | O4: https://www.sjiyfa.org/schedule.php?group=2&township=0&type=0&week=0&weight=0 | P4: Current 2026 SJIYFA schedule and RV Hurricanes site confirm affiliation; SJIYFA field directory also lists RV fields. | Q4: P062 | R4: Yes | S4: Current affiliation supported
A5: O002 | B5: L001 | C5: Burlington City | D5: 2026 | E5: Burlington | G5: Burlington City | J5: Burlington City | K5: 550 High St, Burlington, NJ 08016 | L5: South | M5: Current / verified from 2026 SJIYFA schedule | N5: SJIYFA 2026 schedule and field directory | O5: https://www.sjiyfa.org/schedule.php?group=2&township=0&type=0&week=0&weight=0 | P5: Current 2026 SJIYFA schedule confirms Burlington City after recent league move. | Q5: P056 | R5: Yes | S5: Current affiliation supported
A6: O003 | B6: L002 | C6: Atlantic City | D6: 2026 | E6: Atlantic | G6: Atlantic City | L6: South | M6: Current / verified from 2026 TCUFL organization page | N6: TCUFL 2026 Organizations | O6: https://tcufl.org/organizations.php | Q6: P003 | R6: Yes | S6: Current affiliation supported
A7: O004 | B7: L002 | C7: Mays Landing | D7: 2026 | E7: Atlantic | G7: Mays Landing | L7: South | M7: Current / verified from 2026 TCUFL organization page | N7: TCUFL 2026 Organizations | O7: https://tcufl.org/organizations.php | Q7: P013 | R7: Yes | S7: Current affiliation supported
A8: O005 | B8: L002 | C8: Pleasantville | D8: 2026 | E8: Atlantic | G8: Pleasantville | L8: South | M8: Current / verified from 2026 TCUFL organization page | N8: TCUFL 2026 Organizations | O8: https://tcufl.org/organizations.php | Q8: P015 | R8: Yes | S8: Current affiliation supported
A9: O006 | B9: L002 | C9: Burlington City | D9: 2026 | E9: Burlington | G9: Burlington City | L9: South | M9: 2026 TCUFL page / conflicts with current SJIYFA schedule | N9: TCUFL 2026 Organizations | O9: https://tcufl.org/organizations.php | P9: TCUFL 2026 organization directory lists this program, but current 2026 SJIYFA schedule also lists it. Treat affiliation as unresolved until program/league confirmation. | Q9: P056 | R9: Verify | S9: Conflicting/partial current evidence
A10: O007 | B10: L002 | C10: Camden | D10: 2026 | E10: Camden | G10: Camden | L10: South | M10: Current / verified from 2026 TCUFL organization page | N10: TCUFL 2026 Organizations | O10: https://tcufl.org/organizations.php | Q10: P066 | R10: Yes | S10: Current affiliation supported
A11: O008 | B11: L002 | C11: Centerville | D11: 2026 | E11: Camden | G11: Centerville | L11: South | M11: Current / verified from 2026 TCUFL organization page | N11: TCUFL 2026 Organizations | O11: https://tcufl.org/organizations.php | Q11: P067 | R11: Yes | S11: Current affiliation supported
A12: O009 | B12: L002 | C12: Gloucester Township | D12: 2026 | E12: Camden | G12: Gloucester Township | L12: South | M12: Current / verified from 2026 TCUFL organization page | N12: TCUFL 2026 Organizations | O12: https://tcufl.org/organizations.php | Q12: P069 | R12: Yes | S12: Current affiliation supported
A13: O010 | B13: L002 | C13: Lindenwold | D13: 2026 | E13: Camden | G13: Lindenwold | L13: South | M13: Current / verified from 2026 TCUFL organization page | N13: TCUFL 2026 Organizations | O13: https://tcufl.org/organizations.php | Q13: P071 | R13: Yes | S13: Multiple current affiliations - verify structure
A14: O011 | B14: L002 | C14: Sterling | D14: 2026 | E14: Camden | G14: Sterling | L14: South | M14: Current / verified from 2026 TCUFL organization page | N14: TCUFL 2026 Organizations | O14: https://tcufl.org/organizations.php | Q14: P073 | R14: Yes | S14: Current affiliation supported
A15: O012 | B15: L002 | C15: Whitman Park | D15: 2026 | E15: Camden | G15: Whitman Park | L15: South | M15: Current / verified from 2026 TCUFL organization page | N15: TCUFL 2026 Organizations | O15: https://tcufl.org/organizations.php | Q15: P074 | R15: Yes | S15: Current affiliation supported
A16: O013 | B16: L002 | C16: Winslow Elite | D16: Recent / pre-2026 | E16: Camden | G16: Winslow Elite | L16: South | M16: Recent / not listed on 2026 TCUFL organization page | N16: Earlier TCUFL material; compared with 2026 organization directory | O16: https://tcufl.org/organizations.php | P16: Not on official 2026 TCUFL organization directory; retain as recent/historical until exact transition is established. | Q16: P075 | R16: No | S16: Historical/prior affiliation
A17: O014 | B17: L002 | C17: Bridgeton | D17: 2026 | E17: Cumberland | G17: Bridgeton | L17: South | M17: Current / verified from 2026 TCUFL organization page | N17: TCUFL 2026 Organizations | O17: https://tcufl.org/organizations.php | Q17: P081 | R17: Yes | S17: Current affiliation supported
A18: O015 | B18: L002 | C18: Holly City | D18: 2026 | E18: Cumberland | G18: Millville | L18: South | M18: Current / verified from 2026 TCUFL organization page | N18: TCUFL 2026 Organizations | O18: https://tcufl.org/organizations.php | Q18: P082 | R18: Yes | S18: Current affiliation supported
A19: O016 | B19: L002 | C19: Vineland Youth Football (Wolfpack) | D19: 2026 | E19: Cumberland | G19: Vineland | L19: South | M19: Current / verified from 2026 TCUFL organization page | N19: TCUFL 2026 Organizations | O19: https://tcufl.org/organizations.php | Q19: P084 | R19: Yes | S19: Current affiliation supported
A20: O017 | B20: L002 | C20: Clayton | D20: 2026 | E20: Gloucester | G20: Clayton | L20: South | M20: Current / verified from 2026 TCUFL organization page | N20: TCUFL 2026 Organizations | O20: https://tcufl.org/organizations.php | Q20: P103 | R20: Yes | S20: Current affiliation supported
A21: O018 | B21: L002 | C21: Delsea | D21: 2026 | E21: Gloucester | G21: Delsea | L21: South | M21: Current / verified from 2026 TCUFL organization page | N21: TCUFL 2026 Organizations | O21: https://tcufl.org/organizations.php | Q21: P104 | R21: Yes | S21: Current affiliation supported
A22: O019 | B22: L002 | C22: Deptford | D22: 2026 | E22: Gloucester | G22: Deptford | L22: South | M22: Current / verified from 2026 TCUFL organization page | N22: TCUFL 2026 Organizations | O22: https://tcufl.org/organizations.php | Q22: P105 | R22: Yes | S22: Current affiliation supported
A23: O020 | B23: L002 | C23: Glassboro | D23: 2026 | E23: Gloucester | G23: Glassboro | L23: South | M23: Current / verified from 2026 TCUFL organization page | N23: TCUFL 2026 Organizations | O23: https://tcufl.org/organizations.php | Q23: P106 | R23: Yes | S23: Current affiliation supported
A24: O021 | B24: L002 | C24: Kingsway | D24: 2026 | E24: Gloucester | G24: Kingsway | L24: South | M24: Current / verified from 2026 TCUFL organization page | N24: TCUFL 2026 Organizations | O24: https://tcufl.org/organizations.php | Q24: P107 | R24: Yes | S24: Current affiliation supported
A25: O022 | B25: L002 | C25: Monroe | D25: 2026 | E25: Gloucester | G25: Monroe | L25: South | M25: Current / verified from 2026 TCUFL organization page | N25: TCUFL 2026 Organizations | O25: https://tcufl.org/organizations.php | Q25: P108 | R25: Yes | S25: Current affiliation supported
A26: O023 | B26: L002 | C26: Paulsboro | D26: Recent / pre-2026 | E26: Gloucester | G26: Paulsboro | L26: South | M26: Recent / not listed on 2026 TCUFL organization page | N26: Earlier TCUFL material; compared with 2026 organization directory | O26: https://tcufl.org/organizations.php | P26: Not on official 2026 TCUFL organization directory; retain as recent/historical until exact transition is established. | Q26: P109 | R26: No | S26: Historical/prior affiliation
A27: O024 | B27: L002 | C27: Woodbury | D27: 2026 | E27: Gloucester | G27: Woodbury | L27: South | M27: Current / verified from 2026 TCUFL organization page | N27: TCUFL 2026 Organizations | O27: https://tcufl.org/organizations.php | Q27: P112 | R27: Yes | S27: Current affiliation supported
A28: O025 | B28: L002 | C28: Penns Grove | D28: Recent / pre-2026 | E28: Salem | G28: Penns Grove | L28: South | M28: Recent / not listed on 2026 TCUFL organization page | N28: Earlier TCUFL material; compared with 2026 organization directory | O28: https://tcufl.org/organizations.php | P28: Not on official 2026 TCUFL organization directory; retain as recent/historical until exact transition is established. | Q28: P174 | R28: No | S28: Historical/prior affiliation
A29: O026 | B29: L002 | C29: Pennsville | D29: 2026 | E29: Salem | G29: Pennsville | L29: South | M29: Current / verified from 2026 TCUFL organization page | N29: TCUFL 2026 Organizations | O29: https://tcufl.org/organizations.php | Q29: P175 | R29: Yes | S29: Current affiliation supported
A30: O027 | B30: L002 | C30: Salem | D30: 2026 | E30: Salem | G30: Salem | L30: South | M30: Current / verified from 2026 TCUFL organization page | N30: TCUFL 2026 Organizations | O30: https://tcufl.org/organizations.php | Q30: P177 | R30: Yes | S30: Current affiliation supported
A31: O028 | B31: L003 | C31: Bordentown | D31: 2026 | E31: Burlington | G31: Bordentown | J31: Bordentown Bulldogs | K31: 50 Dunns Mill Rd., Bordentown, NJ | L31: South | M31: Current / verified from official WJYFL teams page | N31: WJYFL official Teams page | O31: https://www.westjerseyyouthfootball.com/teams | Q31: P055 | R31: Yes | S31: Current affiliation supported
A32: O029 | B32: L003 | C32: Florence | D32: 2026 | E32: Burlington | G32: Florence | J32: Florence Flashes | K32: 875 Summer St., Florence, NJ | L32: South | M32: Current / verified from official WJYFL teams page | N32: WJYFL official Teams page | O32: https://www.westjerseyyouthfootball.com/teams | Q32: P057 | R32: Yes | S32: Current affiliation supported
A33: O030 | B33: L003 | C33: Northern Burlington | D33: 2026 | E33: Burlington | G33: Northern Burlington | J33: Northern Burlington Greyhounds | K33: 180/160 Mansfield Rd., East Mansfield, NJ | L33: South | M33: Current / verified from official WJYFL teams page | N33: WJYFL official Teams page | O33: https://www.westjerseyyouthfootball.com/teams | Q33: P059 | R33: Yes | S33: Current affiliation supported
A34: O031 | B34: L003 | C34: Pemberton | D34: 2026 | E34: Burlington | G34: Pemberton | J34: Pemberton Hornets | K34: 1 Anderson Rd., Pemberton, NJ | L34: South | M34: Current / verified from official WJYFL teams page | N34: WJYFL official Teams page | O34: https://www.westjerseyyouthfootball.com/teams | Q34: P061 | R34: Yes | S34: Current affiliation supported
A35: O032 | B35: L003 | C35: Palmyra | D35: 2026 | E35: Burlington | G35: Palmyra | J35: Palmyra Panthers | K35: Broad & Park Ave., Palmyra, NJ | L35: South | M35: Current / verified from official WJYFL teams page | N35: WJYFL official Teams page | O35: https://www.westjerseyyouthfootball.com/teams | Q35: P060 | R35: Yes | S35: Current affiliation supported
A36: O033 | B36: L003 | C36: Moorestown | D36: 2026 | E36: Burlington | G36: Moorestown | J36: Moorestown Junior Quakers | K36: 1248 N. Church St., Moorestown, NJ | L36: South | M36: Current / verified from official WJYFL teams page | N36: WJYFL official Teams page | O36: https://www.westjerseyyouthfootball.com/teams | Q36: P058 | R36: Yes | S36: Current affiliation supported
A37: O034 | B37: L003 | C37: Riverside | D37: 2026 | E37: Burlington | G37: Riverside | J37: Riverside Rams | K37: 112 E. Washington St., Riverside, NJ | L37: South | M37: Current / verified from official WJYFL teams page | N37: WJYFL official Teams page | O37: https://www.westjerseyyouthfootball.com/teams | Q37: P063 | R37: Yes | S37: Current affiliation supported
A38: O035 | B38: L003 | C38: Lawrence | D38: 2026 | E38: Mercer | G38: Lawrence | J38: Lawrence Cardinals | K38: 100 Dave Nevius Way, Lawrence, NJ | L38: Central | M38: Current / verified from official WJYFL teams page | N38: WJYFL official Teams page | O38: https://www.westjerseyyouthfootball.com/teams | Q38: P123 | R38: Yes | S38: Current affiliation supported
A39: O036 | B39: L003 | C39: Hopewell Valley | D39: 2026 | E39: Mercer | G39: Hopewell Valley | J39: Hopewell Valley Bulldogs | K39: 201 Washington Crossing-Pennington Rd., Titusville, NJ | L39: Central | M39: Current / verified from official WJYFL teams page | N39: WJYFL official Teams page | O39: https://www.westjerseyyouthfootball.com/teams | Q39: P122 | R39: Yes | S39: Current affiliation supported
A40: O037 | B40: L003 | C40: New Egypt | D40: 2026 | E40: Ocean | G40: New Egypt | J40: New Egypt Warriors | K40: 24 Brindletown Rd., New Egypt, NJ | L40: Central | M40: Current / verified from official WJYFL teams page | N40: WJYFL official Teams page | O40: https://www.westjerseyyouthfootball.com/teams | Q40: P158 | R40: Yes | S40: Current affiliation supported
A41: O038 | B41: L003 | C41: Haddon Township | D41: 2026 | E41: Camden | G41: Haddon Township | J41: Haddon Twp Hawks | K41: 350 W. Crystal Lake Ave., Haddonfield, NJ | L41: South | M41: Current / verified from official WJYFL teams page | N41: WJYFL official Teams page | O41: https://www.westjerseyyouthfootball.com/teams | Q41: P070 | R41: Yes | S41: Current affiliation supported
A42: O039 | B42: L003 | C42: Bellmawr | D42: 2026 | E42: Camden | G42: Bellmawr | J42: Bellmawr Purple Eagles | K42: 125 South Bell Road, Bellmawr, NJ | L42: South | M42: Current / verified from official WJYFL teams page | N42: WJYFL official Teams page | O42: https://www.westjerseyyouthfootball.com/teams | Q42: P065 | R42: Yes | S42: Current affiliation supported
... A46: O043 | B46: L003 | C46: Pitman | D46: 2026 | E46: Gloucester | G46: Pitman | J46: Pitman Panthers | K46: Alcyon Lake Park, West Holly Ave., Pitman, NJ | L46: South | M46: Current / verified from official WJYFL teams page | N46: WJYFL official Teams page | O46: https://www.westjerseyyouthfootball.com/teams | Q46: P110 | R46: Yes | S46: Current affiliation supported
A47: O044 | B47: L004 | C47: Dennis Township | D47: 2025-2026 | E47: Cape May | G47: Dennis Township | L47: South | M47: Current / verified from CAJFL site | N47: CAJFL current program navigation / field directory | O47: https://www.cajfl.com/field-locations | Q47: P076 | R47: Yes | S47: Current affiliation supported
A48: O045 | B48: L004 | C48: Lower Township | D48: 2025-2026 | E48: Cape May | G48: Lower Township | L48: South | M48: Current / verified from CAJFL site | N48: CAJFL current program navigation / field directory | O48: https://www.cajfl.com/field-locations | Q48: P077 | R48: Yes | S48: Current affiliation supported
A49: O046 | B49: L004 | C49: Wildwood Warriors | D49: 2025-2026 | E49: Cape May | G49: Wildwood | L49: South | M49: Current field listing / 2026 competitive membership to verify | N49: CAJFL field directory | O49: https://www.cajfl.com/field-locations | P49: Current CAJFL field directory lists Wildwood Warriors, but current program navigation used in this audit did not list Wildwood. Verify 2026 competitive membership. | Q49: P080 | R49: Verify | S49: Conflicting/partial current evidence
A50: O047 | B50: L004 | C50: Upper Township | D50: 2025-2026 | E50: Cape May | G50: Upper Township | L50: South | M50: Current / verified from CAJFL site | N50: CAJFL current program navigation / field directory | O50: https://www.cajfl.com/field-locations | Q50: P079 | R50: Yes | S50: Current affiliation supported
A51: O048 | B51: L004 | C51: Galloway | D51: 2025-2026 | E51: Atlantic | G51: Galloway | L51: South | M51: Current / verified from CAJFL site | N51: CAJFL current program navigation / field directory | O51: https://www.cajfl.com/field-locations | Q51: P009 | R51: Yes | S51: Current affiliation supported
A52: O049 | B52: L004 | C52: Egg Harbor Township | D52: 2025-2026 | E52: Atlantic | G52: Egg Harbor Township | L52: South | M52: Current / verified from CAJFL site | N52: CAJFL current program navigation / field directory | O52: https://www.cajfl.com/field-locations | Q52: P007 | R52: Yes | S52: Current affiliation supported
A53: O050 | B53: L004 | C53: Northfield | D53: 2025-2026 | E53: Atlantic | G53: Northfield | L53: South | M53: Current / verified from CAJFL site | N53: CAJFL current program navigation / field directory | O53: https://www.cajfl.com/field-locations | Q53: P014 | R53: Yes | S53: Current affiliation supported
A54: O051 | B54: L004 | C54: Somers Point | D54: 2025-2026 | E54: Atlantic | G54: Somers Point | L54: South | M54: Current / verified from CAJFL site | N54: CAJFL current program navigation / field directory | O54: https://www.cajfl.com/field-locations | Q54: P016 | R54: Yes | S54: Current affiliation supported
A55: O052 | B55: L004 | C55: Vineland Blitz | D55: 2025-2026 | E55: Cumberland | G55: Vineland | L55: South | M55: Current / verified from CAJFL site | N55: CAJFL current program navigation / field directory | O55: https://www.cajfl.com/field-locations | Q55: P083 | R55: Yes | S55: Current affiliation supported
A56: O053 | B56: L005 | C56: Absecon Blue Devils | D56: 2025 exact / 2026 site | E56: Atlantic | G56: Absecon Blue Devils | L56: South | M56: Current / verified | N56: JSYFL 2025 schedule + 2026 site | Q56: P002 | R56: Yes | S56: Current affiliation supported
A57: O054 | B57: L005 | C57: Brigantine Rams | D57: 2025 exact / 2026 site | E57: Atlantic | G57: Brigantine Rams | L57: South | M57: Current / verified | N57: JSYFL 2025 schedule + 2026 site | Q57: P004 | R57: Yes | S57: Current affiliation supported
A58: O055 | B58: L005 | C58: Buena | D58: 2025 exact / 2026 site | E58: Atlantic | G58: Buena | L58: South | M58: Current / verified | N58: JSYFL 2025 schedule + 2026 site | Q58: P005 | R58: Yes | S58: Current affiliation supported
A59: O056 | B59: L005 | C59: Egg Harbor City | D59: 2025 exact / 2026 site | E59: Atlantic | G59: Egg Harbor City | L59: South | M59: Current / verified | N59: JSYFL 2025 schedule + 2026 site | Q59: P006 | R59: Yes | S59: Current affiliation supported
A60: O057 | B60: L005 | C60: Egg Harbor Township / EHTYO | D60: 2025 exact / 2026 site | E60: Atlantic | G60: Egg Harbor Township / EHTYO | L60: South | M60: Current / verified | N60: JSYFL 2025 schedule + 2026 site | Q60: P008 | R60: Yes | S60: Current affiliation supported
A61: O058 | B61: L005 | C61: Hammonton Hawks | D61: 2025 exact / 2026 site | E61: Atlantic | G61: Hammonton Hawks | L61: South | M61: Current / verified | N61: JSYFL 2025 schedule + 2026 site | Q61: P011 | R61: Yes | S61: Current affiliation supported
A62: O059 | B62: L005 | C62: Linwood Panthers | D62: 2025 exact / 2026 site | E62: Atlantic | G62: Linwood Panthers | L62: South | M62: Current / verified | N62: JSYFL 2025 schedule + 2026 site | Q62: P012 | R62: Yes | S62: Current affiliation supported
A63: O060 | B63: L005 | C63: Ocean City Raiders | D63: 2025 exact / 2026 site | E63: Cape May | G63: Ocean City Raiders | L63: South | M63: Current / verified | N63: JSYFL 2025 schedule + 2026 site | Q63: P078 | R63: Yes | S63: Current affiliation supported
A64: O061 | B64: L005 | C64: Ventnor Pirates | D64: 2025 exact / 2026 site | E64: Atlantic | G64: Ventnor Pirates | L64: South | M64: Current / verified | N64: JSYFL 2025 schedule + 2026 site | Q64: P017 | R64: Yes | S64: Current affiliation supported
A65: O062 | B65: L006 | C65: Allentown / Millstone | D65: 2026 | E65: Monmouth | G65: Allentown / Millstone | L65: Central | M65: Current / partial list | N65: Working inventory from reviewed project sources | Q65: P142 | R65: Yes | S65: Current affiliation supported
A66: O063 | B66: L006 | C66: Hunterdon Huskies | D66: 2026 | E66: Hunterdon | G66: Hunterdon Huskies | L66: Central | M66: Current / partial list | N66: Working inventory from reviewed project sources | Q66: P118 | R66: Yes | S66: Current affiliation supported
A67: O064 | B67: L006 | C67: Middlesex Blue Jays | D67: 2026 | E67: Middlesex | G67: Middlesex Blue Jays | L67: Central | M67: Current / partial list | N67: Working inventory from reviewed project sources | Q67: P129 | R67: Yes | S67: Current affiliation supported
... A117: O114 | B117: L010 | C117: Fair Lawn | D117: 2026 | E117: Bergen | G117: Fair Lawn | L117: North | M117: Current / verified from 2026 roster page | N117: Working inventory from reviewed project sources | Q117: P026 | R117: Yes | S117: Current affiliation supported
A118: O115 | B118: L010 | C118: Franklin Lakes | D118: 2026 | E118: Bergen | G118: Franklin Lakes | L118: North | M118: Current / verified from 2026 NBJFL roster | N118: NBJFL Fall 2026 Players | O118: https://www.nbjfl.net/teams/default.asp?p=roster&s=football&u=NBJFL1 | Q118: P028 | R118: Yes | S118: Current affiliation supported
A119: O116 | B119: L010 | C119: Hawthorne | D119: 2026 | E119: Passaic | G119: Hawthorne | L119: North | M119: Current / verified from 2026 roster page | N119: Working inventory from reviewed project sources | Q119: P163 | R119: Yes | S119: Current affiliation supported
A120: O117 | B120: L010 | C120: Mahwah | D120: 2026 | E120: Bergen | G120: Mahwah | L120: North | M120: Current / verified from 2026 roster page | N120: Working inventory from reviewed project sources | Q120: P036 | R120: Yes | S120: Current affiliation supported
A121: O118 | B121: L010 | C121: Montville | D121: 2026 | E121: Morris | G121: Montville | L121: North | M121: Current / verified from 2026 roster page | N121: Working inventory from reviewed project sources | Q121: P152 | R121: Yes | S121: Current affiliation supported
A122: O119 | B122: L010 | C122: Northern Highlands | D122: 2026 | E122: Bergen | G122: Northern Highlands | L122: North | M122: Current / verified from 2026 roster page | N122: Working inventory from reviewed project sources | Q122: P039 | R122: Yes | S122: Current affiliation supported
A123: O120 | B123: L010 | C123: Oakland | D123: 2026 | E123: Bergen | G123: Oakland | L123: North | M123: Current / verified from 2026 roster page | N123: Working inventory from reviewed project sources | Q123: P041 | R123: Yes | S123: Current affiliation supported
A124: O121 | B124: L010 | C124: Paramus | D124: 2026 | E124: Bergen | G124: Paramus | L124: North | M124: Current / verified from 2026 roster page | N124: Working inventory from reviewed project sources | Q124: P042 | R124: Yes | S124: Current affiliation supported
A125: O122 | B125: L010 | C125: Ramsey | D125: 2026 | E125: Bergen | G125: Ramsey | L125: North | M125: Current / verified from 2026 roster page | N125: Working inventory from reviewed project sources | Q125: P044 | R125: Yes | S125: Current affiliation supported
A126: O123 | B126: L010 | C126: Ridgewood | D126: 2026 | E126: Bergen | G126: Ridgewood | L126: North | M126: Current / verified from 2026 roster page | N126: Working inventory from reviewed project sources | Q126: P045 | R126: Yes | S126: Current affiliation supported
A127: O124 | B127: L010 | C127: River Dell | D127: 2026 | E127: Bergen | G127: River Dell | L127: North | M127: Current / verified from 2026 roster page | N127: Working inventory from reviewed project sources | Q127: P046 | R127: Yes | S127: Current affiliation supported
A128: O125 | B128: L010 | C128: Wayne PAL | D128: 2026 | E128: Passaic | G128: Wayne PAL | L128: North | M128: Current / verified from 2026 roster page | N128: Working inventory from reviewed project sources | Q128: P171 | R128: Yes | S128: Current affiliation supported
A129: O126 | B129: L010 | C129: West Milford | D129: 2026 | E129: Passaic | G129: West Milford | L129: North | M129: Current / verified from 2026 roster page | N129: Working inventory from reviewed project sources | Q129: P172 | R129: Yes | S129: Current affiliation supported
A130: O127 | B130: L010 | C130: Wyckoff | D130: 2026 | E130: Bergen | G130: Wyckoff | L130: North | M130: Current / verified from 2026 roster page | N130: Working inventory from reviewed project sources | Q130: P054 | R130: Yes | S130: Current affiliation supported
... A142: O139 | B142: L011 | C142: Carlstadt / East Rutherford | D142: 2026 | E142: Bergen | G142: Carlstadt / East Rutherford | L142: North | M142: Current / verified from standings | N142: Working inventory from reviewed project sources | Q142: P020 | R142: Yes | S142: Current affiliation supported
A143: O140 | B143: L012 | C143: Bloomingdale / Butler | D143: 2026 | E143: Passaic | F143: Morris | G143: Bloomingdale / Butler | L143: North | M143: Current / verified | N143: Working inventory from reviewed project sources | Q143: P162 | R143: Yes | S143: Current affiliation supported
A144: O141 | B144: L012 | C144: Franklin Lakes | D144: Prior to 2025 | E144: Bergen | G144: Franklin Lakes | L144: North | M144: Historical / left TCYFL before 2025 season | N144: 2025 PLRYO minutes; TCYFL program page remains stale | O144: https://cdn2.sportngin.com/attachments/document/ffa3-3469615/02052025_Minutes.pdf | P144: Contemporaneous 2025 league/program minutes state Franklin Lakes was no longer in TCYFL. Current TCYFL program page still lists it and appears stale; NBJFL 2026 roster confirms Franklin Lakes in NBJFL. | Q144: P028 | R144: No | S144: Historical/prior affiliation
A145: O142 | B145: L012 | C145: Glen Rock | D145: 2026 | E145: Bergen | G145: Glen Rock | L145: North | M145: Current / verified | N145: Working inventory from reviewed project sources | Q145: P030 | R145: Yes | S145: Current affiliation supported
A146: O143 | B146: L012 | C146: Hanover | D146: 2026 | E146: Morris | G146: Hanover | L146: North | M146: Current / verified | N146: Working inventory from reviewed project sources | Q146: P148 | R146: Yes | S146: Current affiliation supported
A147: O144 | B147: L012 | C147: Kinnelon | D147: 2026 | E147: Morris | G147: Kinnelon | L147: North | M147: Current / verified | N147: Working inventory from reviewed project sources | Q147: P150 | R147: Yes | S147: Current affiliation supported
A148: O145 | B148: L012 | C148: Lincoln Park / Boonton | D148: 2026 | E148: Morris | G148: Lincoln Park / Boonton | L148: North | M148: Current / verified | N148: Working inventory from reviewed project sources | Q148: P151 | R148: Yes | S148: Current affiliation supported
A149: O146 | B149: L012 | C149: Little Falls | D149: 2026 | E149: Passaic | G149: Little Falls | L149: North | M149: Current / verified | N149: Working inventory from reviewed project sources | Q149: P164 | R149: Yes | S149: Current affiliation supported
A150: O147 | B150: L012 | C150: Pequannock | D150: 2026 | E150: Morris | G150: Pequannock | L150: North | M150: Current / verified | N150: Working inventory from reviewed project sources | Q150: P154 | R150: Yes | S150: Current affiliation supported
A151: O148 | B151: L012 | C151: Pompton Lakes / Riverdale | D151: 2026 | E151: Passaic | F151: Morris | G151: Pompton Lakes / Riverdale | L151: North | M151: Current / verified | N151: Working inventory from reviewed project sources | Q151: P165 | R151: Yes | S151: Current affiliation supported
A152: O149 | B152: L012 | C152: Wanaque | D152: 2026 | E152: Passaic | G152: Wanaque | L152: North | M152: Current / verified | N152: Working inventory from reviewed project sources | Q152: P169 | R152: Yes | S152: Current affiliation supported
A153: O150 | B153: L013 | C153: East Orange Rams | D153: 2026 | E153: Essex | G153: East Orange Rams | L153: North | M153: Current / verified | N153: Working inventory from reviewed project sources | Q153: P090 | R153: Yes | S153: Current affiliation supported
A154: O151 | B154: L013 | C154: Elizabeth Minutemen | D154: 2026 | E154: Union | G154: Elizabeth Minutemen | L154: Central | M154: Current / verified | N154: Working inventory from reviewed project sources | Q154: P200 | R154: Yes | S154: Current affiliation supported
A155: O152 | B155: L013 | C155: Hillside Jr. Comets | D155: 2026 | E155: Union | G155: Hillside Jr. Comets | L155: Central | M155: Current / verified | N155: Working inventory from reviewed project sources | Q155: P201 | R155: Yes | S155: Current affiliation supported
A156: O153 | B156: L013 | C156: Linden Tigers | D156: 2026 | E156: Union | G156: Linden Tigers | L156: Central | M156: Current / verified | N156: Working inventory from reviewed project sources | Q156: P202 | R156: Yes | S156: Current affiliation supported
A157: O154 | B157: L013 | C157: Mo Better Jaguars | D157: 2026 | G157: Mo Better Jaguars | M157: Current / location to verify | N157: Working inventory from reviewed project sources | Q157: P001 | R157: Verify | S157: Conflicting/partial current evidence
A158: O155 | B158: L013 | C158: Montclair Bulldogs | D158: 2026 | E158: Essex | G158: Montclair Bulldogs | L158: North | M158: Current / verified | N158: Working inventory from reviewed project sources | Q158: P095 | R158: Yes | S158: Current affiliation supported
A159: O156 | B159: L013 | C159: Orange Bengals | D159: 2026 | E159: Essex | G159: Orange Bengals | L159: North | M159: Current / verified | N159: Working inventory from reviewed project sources | Q159: P097 | R159: Yes | S159: Current affiliation supported
A160: O157 | B160: L013 | C160: Rahway Chiefs | D160: 2026 | E160: Union | G160: Rahway Chiefs | L160: Central | M160: Current / verified | N160: Working inventory from reviewed project sources | Q160: P205 | R160: Yes | S160: Current affiliation supported
A161: O158 | B161: L013 | C161: Roselle Rams | D161: 2026 | E161: Union | G161: Roselle Rams | L161: Central | M161: Current / verified | N161: Working inventory from reviewed project sources | Q161: P206 | R161: Yes | S161: Current affiliation supported
A162: O159 | B162: L013 | C162: Union Rams | D162: 2026 | E162: Union | G162: Union Rams | L162: Central | M162: Current / verified | N162: Working inventory from reviewed project sources | Q162: P210 | R162: Yes | S162: Current affiliation supported
A163: O160 | B163: L014 | C163: A&M Redbirds | D163: 2026 | E163: Monmouth | G163: Allentown / Upper Freehold area | J163: Allentown High School | K163: 27 High St, Allentown, NJ 08501 | L163: Central | M163: Current / verified | N163: Working inventory from reviewed project sources | Q163: P141 | R163: Yes | S163: Current affiliation supported
A164: O161 | B164: L014 | C164: Bridgewater-Raritan Panthers | D164: 2026 | E164: Somerset | G164: Bridgewater-Raritan Panthers | L164: Central | M164: Current / verified | N164: Working inventory from reviewed project sources | Q164: P180 | R164: Yes | S164: Current affiliation supported
...

Sheet League Master
A1: League Master
A3: League_ID | B3: League_Name | C3: Acronym | D3: Governing_Body | E3: Status | F3: Latest_Season_Verified | G3: Primary_Counties | H3: NJYASA_Regions | I3: Territory_Model | J3: Competition_Model | K3: Known_Age_Structure | L3: Player_Counts_Available | M3: Boundary_Data_Available | N3: Field_Data_Available | O3: Evidence_Quality | P3: Notes
A4: L001 | B4: South Jersey Independent Youth Football Association | C4: SJIYFA | D4: Independent | E4: Active / current | F4: 2026 | G4: Burlington; South Jersey | H4: South | I4: Sending-district / community territory | J4: League structure; current move evidence | K4: Youth tackle / age-weight | L4: Partial | M4: Partial | N4: Partial | O4: Medium | P4: Burlington City reported as a recent 2026 move into SJIYFA; RV Hurricanes known member from project context.
A5: L002 | B5: Tri-County United Football League | C5: TCUFL South | D5: Independent | E5: Active / current | F5: 2026 | G5: Atlantic; Burlington; Camden; Cumberland; Gloucester; Salem | H5: South | I5: Community / municipal | J5: Multi-county competition | K5: Multiple age/weight groups | L5: Unknown | M5: Partial | N5: Partial | O5: High | P5: 2026 organization list documented; Burlington City appears in older/current-source list but user reports it moved to SJIYFA in 2026.
A6: L003 | B6: West Jersey Youth Football League | C6: WJYFL | D6: Independent | E6: Active / current | F6: 2026 | G6: Burlington; Mercer; Ocean; Camden; Gloucester | H6: South; Central | I6: Community / program | J6: North / South divisions | K6: Youth tackle | L6: Unknown | M6: Unknown | N6: Yes | O6: High | P6: 2026 league home page and team/field evidence reviewed.
A7: L004 | B7: Cape Atlantic Junior Football League | C7: CAJFL | D7: Independent | E7: Active / current | F7: 2025-2026 | G7: Atlantic; Cape May; Cumberland | H7: South | I7: Explicit franchise territories; some school-sending geography | J7: League competition | K7: Taxi; Pee Wee; JV; Varsity | L7: Partial potential | M7: Yes | N7: Yes | O7: High | P7: Bylaws define territories and roster/eligibility rules.
A8: L005 | B8: Jersey Shore Youth Football League | C8: JSYFL | D8: Independent | E8: Active / current | F8: 2025 exact / 2026 site | G8: Atlantic; Cape May | H8: South | I8: Franchise boundaries with board-approved out-of-franchise exceptions | J8: Mostly Atlantic County with adjacent-county crossover | K8: Taxi; Peewee; Jayvee; Varsity | L8: Application requests counts | M8: Yes | N8: Yes | O8: High | P8: 2025 nine-team schedule plus 2026 site, franchise application, waiver form, coach pledge.
A9: L006 | B9: New Jersey American Youth Football - Jersey Shore Conference | C9: NJAYF | D9: American Youth Football | E9: Active / current | F9: 2026 | G9: Monmouth; Ocean; Middlesex; Hunterdon; Union; other Central NJ | H9: Central | I9: Franchise territories often aligned with public-high-school geography | J9: Annual division alignment; player pool / nearby placement | K9: Flag through 14U | L9: Partial potential | M9: Yes | N9: Yes | O9: High | P9: Extensive 2026 governance material reviewed.
A10: L007 | B10: New Jersey Suburban Youth Football League | C10: NJSYFL | D10: Independent | E10: Active / current | F10: 2026 | G10: Somerset; Morris; Essex; Union; Middlesex; Hunterdon | H10: North; Central | I10: Town/community residency | J10: A/B/C-style competitive levels and age/weight structure | K10: Flag / F through A | L10: Unknown | M10: Partial | N10: Partial | O10: High | P10: Current participating-program material and rules reviewed.
A11: L008 | B11: Morris County Youth Football League | C11: MCYFL | D11: Independent | E11: Active / current | F11: 2025-2026 | G11: Morris; Passaic; Sussex; Warren; Somerset | H11: North; Central | I11: Approved town/township territories; sending-school district can resolve residency | J11: Freedom / National / American based partly on size and performance | K11: Multiple grade/age levels; girls flag | L11: Partial potential | M11: Yes | N11: Yes | O11: High | P11: Territory maps and public-school systems are explicit in application/bylaws.
A12: L009 | B12: Meadowlands Football League | C12: MFL | D12: Independent | E12: Active / current | F12: 2026 | G12: Bergen; Hudson; Passaic | H12: North | I12: Town residency | J12: North / South geographic divisions with crossover games | K12: Mighty Mite; Pee Wee; Junior; Senior | L12: Unknown | M12: Partial | N12: Partial | O12: High | P12: Current team page and bylaws reviewed.
A13: L010 | B13: Northern Bergen Junior Football League | C13: NBJFL | D13: Independent | E13: Active / current | F13: 2026 | G13: Bergen; Passaic; Morris | H13: North | I13: Defined program geographies; school can matter in split residence | J13: A/B/C team logic tied to roster size | K13: Mighty Mite; Pee Wee; Junior; Senior | L13: Yes | M13: Yes | N13: Yes | O13: High | P13: 2026 roster page includes team-level player counts; program-geography table reviewed.
A14: L011 | B14: Bergen County Junior Football League | C14: BCJFL | D14: Independent | E14: Active / current | F14: 2026 | G14: Bergen; Essex | H14: North | I14: Not yet documented | J14: American / National | K14: Mighty Mite; Pee Wee; Junior; Senior | L14: Unknown | M14: Unknown | N14: Unknown | O14: Medium | P14: 2026 standings establish membership and competitive structure; rules/territory docs not located.
... A22: L019 | B22: Atlantic County Junior Football League | C22: ACJFL | D22: Independent | E22: Historical / current status to verify | F22: Historical / 2024-2025 references | G22: Atlantic; Cape May; Cumberland | H22: South | I22: Historical community territories | J22: Historical county-centered competition | K22: Youth tackle | L22: Unknown | M22: Unknown | N22: Unknown | O22: Low-Medium | P22: Retained as a historical/possible continuing system; no separate current 2026 schedule verified.

Sheet County Coverage
A1: County Coverage
A3: County | B3: NJYASA Region | C3: Current Supported Programs (Phase 1) | D3: At least 1 Current Program? | E3: Notes | F3: County FIPS (optional)
A4: Bergen | B4: North | C4: =COUNTIFS('Program Master'!$C:$C,A4,'Program Master'!$F:$F,"Current") | D4: =IF(C4>0,"Yes","No") | E4: Counts provisional unique programs with a supported current affiliation; excludes historical-only and unresolved-current identities.
A5: Morris | B5: North | C5: =COUNTIFS('Program Master'!$C:$C,A5,'Program Master'!$F:$F,"Current") | D5: =IF(C5>0,"Yes","No") | E5: Counts provisional unique programs with a supported current affiliation; excludes historical-only and unresolved-current identities.
A6: Essex | B6: North | C6: =COUNTIFS('Program Master'!$C:$C,A6,'Program Master'!$F:$F,"Current") | D6: =IF(C6>0,"Yes","No") | E6: Counts provisional unique programs with a supported current affiliation; excludes historical-only and unresolved-current identities.
A7: Passaic | B7: North | C7: =COUNTIFS('Program Master'!$C:$C,A7,'Program Master'!$F:$F,"Current") | D7: =IF(C7>0,"Yes","No") | E7: Counts provisional unique programs with a supported current affiliation; excludes historical-only and unresolved-current identities.
A8: Sussex | B8: North | C8: =COUNTIFS('Program Master'!$C:$C,A8,'Program Master'!$F:$F,"Current") | D8: =IF(C8>0,"Yes","No") | E8: Counts provisional unique programs with a supported current affiliation; excludes historical-only and unresolved-current identities.
A9: Hudson | B9: North | C9: =COUNTIFS('Program Master'!$C:$C,A9,'Program Master'!$F:$F,"Current") | D9: =IF(C9>0,"Yes","No") | E9: Counts provisional unique programs with a supported current affiliation; excludes historical-only and unresolved-current identities.
A10: Warren | B10: North | C10: =COUNTIFS('Program Master'!$C:$C,A10,'Program Master'!$F:$F,"Current") | D10: =IF(C10>0,"Yes","No") | E10: Counts provisional unique programs with a supported current affiliation; excludes historical-only and unresolved-current identities.
A11: Middlesex | B11: Central | C11: =COUNTIFS('Program Master'!$C:$C,A11,'Program Master'!$F:$F,"Current") | D11: =IF(C11>0,"Yes","No") | E11: Counts provisional unique programs with a supported current affiliation; excludes historical-only and unresolved-current identities.
A12: Union | B12: Central | C12: =COUNTIFS('Program Master'!$C:$C,A12,'Program Master'!$F:$F,"Current") | D12: =IF(C12>0,"Yes","No") | E12: Counts provisional unique programs with a supported current affiliation; excludes historical-only and unresolved-current identities.
A13: Monmouth | B13: Central | C13: =COUNTIFS('Program Master'!$C:$C,A13,'Program Master'!$F:$F,"Current") | D13: =IF(C13>0,"Yes","No") | E13: Counts provisional unique programs with a supported current affiliation; excludes historical-only and unresolved-current identities.
A14: Somerset | B14: Central | C14: =COUNTIFS('Program Master'!$C:$C,A14,'Program Master'!$F:$F,"Current") | D14: =IF(C14>0,"Yes","No") | E14: Counts provisional unique programs with a supported current affiliation; excludes historical-only and unresolved-current identities.
A15: Ocean | B15: Central | C15: =COUNTIFS('Program Master'!$C:$C,A15,'Program Master'!$F:$F,"Current") | D15: =IF(C15>0,"Yes","No") | E15: Counts provisional unique programs with a supported current affiliation; excludes historical-only and unresolved-current identities.
... A24: Salem | B24: South | C24: =COUNTIFS('Program Master'!$C:$C,A24,'Program Master'!$F:$F,"Current") | D24: =IF(C24>0,"Yes","No") | E24: Counts provisional unique programs with a supported current affiliation; excludes historical-only and unresolved-current identities.

Sheet Research Gaps
A1: Research Gaps
A3: League_ID | B3: League_Name | C3: Membership_List | D3: Exact_2026_Status | E3: Player_Counts | F3: Territory_Boundaries | G3: Field_Addresses | H3: High_School_Sending_Data | I3: Priority_Next_Step
A4: L001 | B4: South Jersey Independent Youth Football Association | C4: Partial | D4: Yes | E4: Partial | F4: Partial | G4: Partial | H4: Strong | I4: Complete current organization membership and current-season affiliation verification; then add fields/service areas.
A5: L002 | B5: Tri-County United Football League | C5: Yes | D5: Yes | E5: Unknown | F5: Partial | G5: Partial | H5: Unknown | I5: Standardize organization identities, current affiliation, team/age-level offerings, and field/service-area data. Player counts are optional where available.
A6: L003 | B6: West Jersey Youth Football League | C6: Partial | D6: Yes | E6: Unknown | F6: Unknown | G6: Yes | H6: Unknown | I6: Complete current organization membership and current-season affiliation verification; then add fields/service areas.
A7: L004 | B7: Cape Atlantic Junior Football League | C7: Partial | D7: Yes | E7: Partial potential | F7: Yes | G7: Yes | H7: Strong | I7: Complete current organization membership and current-season affiliation verification; then add fields/service areas.
A8: L005 | B8: Jersey Shore Youth Football League | C8: Yes | D8: Partial | E8: Application requests counts | F8: Yes | G8: Yes | H8: Some | I8: Complete current organization membership and current-season affiliation verification; then add fields/service areas.
A9: L006 | B9: New Jersey American Youth Football - Jersey Shore Conference | C9: Partial | D9: Yes | E9: Partial potential | F9: Yes | G9: Yes | H9: Strong | I9: Complete current organization membership and current-season affiliation verification; then add fields/service areas.
A10: L007 | B10: New Jersey Suburban Youth Football League | C10: Yes | D10: Yes | E10: Unknown | F10: Partial | G10: Partial | H10: Unknown | I10: Standardize organization identities, current affiliation, team/age-level offerings, and field/service-area data. Player counts are optional where available.
A11: L008 | B11: Morris County Youth Football League | C11: Partial | D11: Yes | E11: Partial potential | F11: Yes | G11: Yes | H11: Strong | I11: Complete current organization membership and current-season affiliation verification; then add fields/service areas.
A12: L009 | B12: Meadowlands Football League | C12: Partial | D12: Yes | E12: Unknown | F12: Partial | G12: Partial | H12: Unknown | I12: Complete current organization membership and current-season affiliation verification; then add fields/service areas.
A13: L010 | B13: Northern Bergen Junior Football League | C13: Partial | D13: Yes | E13: Yes | F13: Yes | G13: Yes | H13: Strong | I13: Complete current organization membership and current-season affiliation verification; then add fields/service areas.
A14: L011 | B14: Bergen County Junior Football League | C14: Yes | D14: Yes | E14: Unknown | F14: Unknown | G14: Unknown | H14: Unknown | I14: Standardize organization identities, current affiliation, team/age-level offerings, and field/service-area data. Player counts are optional where available.
... A22: L019 | B22: Atlantic County Junior Football League | C22: Older/uncertain | D22: No/older | E22: Unknown | F22: Unknown | G22: Unknown | H22: Unknown | I22: Verify current organization membership and league status; preserve older records as affiliation history.

Sheet Data Dictionary
A1: Data Dictionary
A3: Field | B3: Sheet | C3: Definition | D3: Why it matters for NJYASA/GIS | E3: Allowed / expected values
A4: League_ID | B4: League Master / Organization Master | C4: Stable internal identifier for a governing league/conference. | D4: Prevents confusion when similar league names exist. | E4: L001, L002, ...
A5: Org_ID | B5: Organization Master | C5: Stable internal identifier for a local youth football organization/program. | D5: Lets one program appear in multiple seasons or affiliations without losing identity. | E5: O001, O002, ...
A6: Season | B6: Organization Master | C6: Season/year represented by the row. | D6: Affiliations and membership change over time. | E6: 2026, 2025, 2022, etc.
A7: Primary_County | B7: Organization Master | C7: Primary NJ county associated with the program. | D7: Supports county-conference analysis. | E7: One of NJ 21 counties; out-of-state where applicable.
A8: Additional_Counties | B8: Organization Master | C8: Other counties served by a multi-community program. | D8: Avoids forcing cross-county service areas into one county. | E8: Free text / semicolon-separated.
A9: Municipality_or_Area | B9: Organization Master | C9: Named community, municipality, ward, or regional identity. | D9: Captures urban ward, town, and regional-school differences. | E9: Free text.
A10: Service_Area | B10: Organization Master | C10: Actual or approved geographic territory from which participants are drawn. | D10: Core GIS polygon/service-area variable. | E10: Boundary description or later GIS polygon ID.
A11: High_School_or_Sending_District | B11: Organization Master | C11: Public high school or sending/receiving geography linked to the program. | D11: Tests the youth-to-high-school pipeline and territorial logic. | E11: School/district name(s).
A12: Home_Field / Field_Address | B12: Organization Master | C12: Primary competition location and address. | D12: Can be geocoded to points for travel-distance analysis. | E12: Name and street address.
A13: Evidence_Status | B13: Organization Master | C13: How strongly the row is supported by current source material. | D13: Prevents old/partial data from being treated as current fact. | E13: Current / verified; partial; historical; user-confirmed; to verify.
A14: Territory_Model | B14: League Master | C14: How a league decides where players/programs belong. | D14: Compares town, school-district, franchise, and waiver systems. | E14: Town, sending district, franchise boundary, mixed.
... A20: Affiliation_ID | B20: Affiliation History | C20: Unique row identifier for one program-to-league evidence relationship. | D20: Preserves historical league moves and source conflicts. | E20: A001, A002, ...

Sheet Sources
A1: Sources
A3: Source_ID | B3: League_ID | C3: Source_Title_or_File | D3: Season_or_Date | E3: Source_Type | F3: Plain_Text_URL | G3: What_it_Supports | H3: Reliability_Notes
A4: S001 | B4: L005 | C4: JSYFL 2025 SCHEDULE 9 TEAMS.pdf | D4: 2025 | E4: Uploaded PDF | G4: Exact 2025 nine-program schedule and game structure | H4: Direct league schedule
A5: S002 | B5: L005 | C5: Ventnor Pirates Field Locations _ JSYFL.pdf | D5: 2026 | E5: Uploaded PDF | G5: Current site program/field identities | H5: Current site capture
A6: S003 | B6: L005 | C6: JSYFL Franchise Application-9828669.pdf | D6: Current | E6: Uploaded PDF | G6: Boundaries and participant counts requested from franchises | H6: Direct league form
A7: S004 | B7: L005 | C7: Form.pdf | D7: Current | E7: Uploaded PDF | G7: Out-of-franchise player approval; address/school/grade | H7: Direct league form
A8: S005 | B8: L005 | C8: coach pledge_new bylaw.pdf | D8: Current | E8: Uploaded PDF | G8: Coach standards and discipline | H8: Direct league policy
A9: S006 | B9: L018 | C9: Schedule _ Verona Eagles.pdf | D9: 2026 | E9: Uploaded PDF | G9: Verona 2026 opponents and A/B/C/JV structure | H9: Direct organization schedule
A10: S007 | B10: L018 | C10: Belleville Little Devils - Football 2026.pdf | D10: 2026 | E10: Uploaded PDF | G10: Age 5-14 eligibility, fee, sold-out status, field and weigh-ins | H10: Direct organization registration page
A11: S008 | B11: L018 | C11: Our Facilities.pdf | D11: Current | E11: Uploaded PDF | G11: Caldwell/West Caldwell field locations | H11: Direct organization facility page
A12: S009 | B12: L010 | C12: NBJFL Fall 2026 Players.pdf | D12: 2026 | E12: Uploaded PDF | F12: https://www.nbjfl.net/teams/default.asp?u=NBJFL1&s=football&p=roster | G12: Program list and player counts by level | H12: Direct league roster page
A13: S010 | B13: L003 | C13: West Jersey Youth Football League - Home Page.pdf | D13: 2026 | E13: Uploaded PDF | F13: https://www.westjerseyyouthfootball.com | G13: League season, North/South divisions, schedule model | H13: Direct league site capture
A14: S011 | B14: L001 | C14: SJIYFA 2026 Schedule | D14: 2026 | E14: Official league web page | F14: https://www.sjiyfa.org/schedule.php?group=2&township=0&type=0&week=0&weight=0 | G14: Current 2026 schedule confirming Rancocas Valley and Burlington City in SJIYFA | H14: Direct current-season league schedule
A15: S012 | B15: L001 | C15: SJIYFA Field Directions | D15: 2026 | E15: Official league web page | F15: https://www.sjiyfa.org/field.php | G15: Current field locations for SJIYFA programs | H15: Direct league field directory
A16: S013 | B16: L001 | C16: RV Hurricanes Official Site | D16: 2026 | E16: Official organization site | F16: https://www.rvhurricanes.com/ | G16: Current SJIYFA affiliation, 2026 dates, Rancocas Valley program identity | H16: Direct organization site
A17: S014 | B17: L002 | C17: TCUFL 2026 Organizations | D17: 2026 | E17: Official league web page | F17: https://tcufl.org/organizations.php | G17: Official 2026 organization directory | H17: Direct league organization directory; conflicts with current SJIYFA schedule for Burlington City/Rancocas Valley
A18: S015 | B18: L003 | C18: WJYFL Teams | D18: 2026 | E18: Official league web page | F18: https://www.westjerseyyouthfootball.com/teams | G18: Current North/South team list and field locations | H18: Direct league teams page
A19: S016 | B19: L004 | C19: CAJFL Program / Field Directory | D19: 2026 current site | E19: Official league web page | F19: https://www.cajfl.com/field-locations | G19: Current field-listed programs and locations | H19: Direct league field page; field listing does not always prove current competitive membership
A20: S017 | B20: L004 | C20: CAJFL Program Navigation | D20: 2026 current site | E20: Official league web page | F20: https://www.cajfl.com/upper-twp-indians | G20: Current program navigation including Hamilton Knights and Vineland Blitz | H20: Direct league site
A21: S018 | B21: L010 | C21: NBJFL Fall 2026 Players | D21: 2026 | E21: Official league roster page | F21: https://www.nbjfl.net/teams/default.asp?p=roster&s=football&u=NBJFL1 | G21: Confirms Franklin Lakes current NBJFL program and 2026 player counts | H21: Direct current-season league roster
A22: S019 | B22: L012 | C22: TCYFL Program Page | D22: Current page | E22: Official league web page | F22: https://thetcyfl.teamsnapsites.com/programs/ | G22: Program descriptions; still lists Franklin Lakes | H22: Direct league page but appears stale for Franklin Lakes
A23: S020 | B23: L012 | C23: Pequannock/PLRYO 2025 Minutes - Franklin Lakes left TCYFL | D23: 2025 | E23: Organization minutes PDF | F23: https://cdn2.sportngin.com/attachments/document/ffa3-3469615/02052025_Minutes.pdf | G23: States Franklin Lakes is no longer in TCYFL | H23: Contemporaneous organization minutes; stronger for affiliation timing than stale program page
A24: S021 | B24: L002 | C24: Vineland Youth Football Official Site | D24: 2026 | E24: Official organization site | F24: https://www.vinelandyouthsports.org/football | G24: Identifies Vineland Youth Football as a TCUFL organization | H24: Direct organization site
